scenario_id,base_converged,base_vm_min_pu,final_vm_min_pu,base_vm_max_pu,final_vm_max_pu,base_n_undervoltage,final_n_undervoltage,base_n_overvoltage,final_n_overvoltage,base_n_overloaded_lines,final_n_overloaded_lines,base_n_overloaded_trafos,final_n_overloaded_trafos,base_line_loading_max_pct,final_line_loading_max_pct,base_trafo_loading_max_pct,final_trafo_loading_max_pct,base_voltage_deficit_sum_pu,final_voltage_deficit_sum_pu,base_voltage_deficit_max_pu,final_voltage_deficit_max_pu,base_voltage_deficit_sq_sum_pu,final_voltage_deficit_sq_sum_pu,improved_vm_min,reduced_undervoltage_count,reduced_voltage_deficit_sum,accepted_action_count,termination_reason,error
fed_combined_load_1p25_line_101_MG1,True,0.9272108217802723,0.9442259207398095,1.05,1.05,8.0,1.0,0.0,0.0,0.0,0.0,0.0,0.0,4.475087324056163,4.475087324056155,6.914112267912518,6.853608059902603,0.0908455807533064,0.005774079260190468,0.0227891782197277,0.005774079260190468,0.001468780168432161,3.33399913029617e-05,True,True,True,6.0,stopped_no_deficit_reducing_safe_action_found,
fed_combined_load_1p25_line_127_MG3,True,0.9266204258906112,0.9473125678296028,1.0500000000000003,1.05,9.0,1.0,1.0,0.0,0.0,0.0,0.0,0.0,4.47508732405616,4.475087324056159,6.7686877170812645,6.72682355714906,0.0907078759195209,0.0026874321703971304,0.023379574109388734,0.0026874321703971304,0.0014934949368755114,7.222291670485431e-06,True,True,True,5.0,stopped_no_deficit_reducing_safe_action_found,
fed_combined_load_1p25_line_128_MG3,True,0.9259926081157955,0.9430000000000002,1.05,1.0499999999999998,9.0,4.0,0.0,0.0,0.0,0.0,0.0,0.0,4.4750873240561555,4.475087324056161,6.848109058464963,6.813833152535185,0.09294565937837673,0.013482707949043937,0.02400739188420442,0.006999999999999784,0.0015705480776074944,6.784865234569556e-05,True,True,True,5.0,stopped_no_deficit_reducing_safe_action_found,
fed_combined_load_1p25_line_129_MG3,True,0.9265939824758097,0.9463866087231049,1.0500000000000003,1.05,9.0,2.0,1.0,0.0,0.0,0.0,0.0,0.0,4.475087324056158,4.475087324056156,6.77685791077232,6.733165697756811,0.09081287697579576,0.004441986474924664,0.023406017524190248,0.0036133912768950838,0.0014969109257956764,1.3743166522139162e-05,True,True,True,4.0,stopped_no_deficit_reducing_safe_action_found,
fed_combined_load_1p25_line_135_MG3,True,0.9251901911597569,0.9464797983818617,1.0500000000000003,1.05,9.0,2.0,1.0,0.0,0.0,0.0,0.0,0.0,4.475087324056155,4.475087324056162,6.755638281437913,6.712664079065761,0.09504010823791653,0.004286554322729952,0.024809808840243086,0.0035202016181382634,0.0016534735554249158,1.2979115900178242e-05,True,True,True,5.0,stopped_no_deficit_reducing_safe_action_found,
fed_combined_load_1p25_line_136_MG3,True,0.9258262808606194,0.9463313207741092,1.0500000000000003,1.05,9.0,2.0,1.0,0.0,0.0,0.0,0.0,0.0,4.475087324056156,4.475087324056151,6.77915443547345,6.7430697093544305,0.09291861840614235,0.004534194222402199,0.0241737191393806,0.0036686792258907586,0.0015753874686687914,1.4208323471668615e-05,True,True,True,4.0,stopped_no_deficit_reducing_safe_action_found,
fed_combined_load_1p25_line_138_MG3,True,0.9248618122285441,0.9463283732594421,1.05,1.05,9.0,3.0,0.0,0.0,0.0,0.0,0.0,0.0,4.475087324056157,4.475087324056157,6.7556831568290425,6.695245913019532,0.09603940954015355,0.004943465492530552,0.025138187771455822,0.003671626740557876,0.0016916896405854075,1.4396936195566754e-05,True,True,True,5.0,stopped_no_deficit_reducing_safe_action_found,
fed_combined_load_1p25_line_139_MG3,True,0.9259199112197484,0.9465787382463586,1.05,1.05,9.0,3.0,0.0,0.0,0.0,0.0,0.0,0.0,4.4750873240561555,4.475087324056161,6.774247281787986,6.768926717976327,0.09310542267289157,0.0068839617329874425,0.024080088780251585,0.003421261753641325,0.0015781338986592453,1.9825917475584513e-05,True,True,True,6.0,stopped_no_deficit_reducing_safe_action_found,
fed_combined_load_1p25_line_140_MG3,True,0.9261126941974912,0.9485339114276985,1.05,1.05,9.0,1.0,0.0,0.0,0.0,0.0,0.0,0.0,4.475087324056162,4.475087324056156,6.769695733220147,6.750778788196336,0.09246308492736677,0.0014660885723014605,0.02388730580250875,0.0014660885723014605,0.0015550797187385882,2.1494157018329347e-06,True,True,True,7.0,stopped_no_deficit_reducing_safe_action_found,
fed_combined_load_1p25_line_165_MG1,True,0.9266686870390417,0.9507944489391228,1.0500000000000003,1.05,9.0,0.0,2.0,0.0,0.0,0.0,0.0,0.0,4.475087324056152,4.47508732405616,6.762278858044442,6.723217788598405,0.09252904485864666,0.0,0.02333131296095825,0.0,0.0015096427072237794,0.0,True,True,True,4.0,success_all_voltages_above_vmin,
fed_combined_load_1p25_line_166_MG2,True,0.9270057723547986,0.946189511226711,1.0500000000000003,1.05,9.0,2.0,1.0,0.0,0.0,0.0,0.0,0.0,4.475087324056161,4.475087324056159,6.788088117414616,6.747787837991839,0.09012287405428798,0.004777062753717809,0.022994227645201315,0.0038104887732889337,0.0014498932206122406,1.5454089951003123e-05,True,True,True,4.0,stopped_no_deficit_reducing_safe_action_found,
fed_combined_load_1p25_line_167_MG2,True,0.9269204556785804,0.9516742900864129,1.0500000000000003,1.05,9.0,0.0,1.0,0.0,0.0,0.0,0.0,0.0,4.475087324056165,4.475087324056159,6.787453721009712,6.752333762337198,0.09003396171831102,0.0,0.023079544321419565,0.0,0.001460466376537268,0.0,True,True,True,7.0,success_all_voltages_above_vmin,
fed_combined_load_1p25_line_168_MG1,True,0.926659116067112,0.9497786876639165,1.0500000000000003,1.05,11.0,1.0,1.0,0.0,0.0,0.0,0.0,0.0,4.475087324056152,4.4750873240561555,6.763084531678426,6.725793825369146,0.09458671104462746,0.0002213123360834679,0.023340883932887913,0.0002213123360834679,0.0015159681297955557,4.897915010272185e-08,True,True,True,5.0,stopped_no_deficit_reducing_safe_action_found,
fed_combined_load_1p25_line_170_MG1,True,0.9275773724577889,0.9477807739795242,1.0500000000000003,1.05,9.0,1.0,1.0,0.0,0.0,0.0,0.0,0.0,4.475087324056163,4.475087324056158,6.601907722879459,6.559557880434539,,,,,,,True,True,False,4.0,stopped_no_deficit_reducing_safe_action_found,
fed_combined_load_1p25_line_171_MG3,True,0.8068130959715369,0.9484525979771758,1.0500000000000003,1.05,7.0,1.0,1.0,0.0,0.0,0.0,0.0,0.0,4.475087324056157,4.475087324056159,7.005124170035158,6.957285842000167,0.28998081837698353,0.001547402022824107,0.143186904028463,0.001547402022824107,0.03560089157388768,2.394453020240138e-06,True,True,True,7.0,stopped_no_deficit_reducing_safe_action_found,
fed_combined_load_1p25_line_172_MG3,True,0.9167433849964332,0.9430626642645896,1.05,1.05,9.0,5.0,0.0,0.0,0.0,0.0,0.0,0.0,4.4750873240561635,4.4750873240561555,6.86143738834838,6.832929239329884,0.090921633982599,0.01844482756747856,0.0332566150035668,0.006937335735410333,0.0017888569688000965,9.975552453530699e-05,True,True,True,7.0,stopped_no_deficit_reducing_safe_action_found,
fed_combined_load_1p25_line_35_MG1,True,0.9264457956952802,0.94831654250976,1.05,1.0499999999999998,9.0,2.0,0.0,0.0,0.0,0.0,0.0,0.0,4.475087324056163,4.475087324056153,6.756218270781273,6.75291384060843,0.09213881448315253,0.002516449034688617,0.023554204304719772,0.0016834574902399035,0.0015367616671554817,3.527904034567888e-06,True,True,True,10.0,stopped_no_deficit_reducing_safe_action_found,
fed_combined_load_1p25_line_36_MG1,True,0.9266266207473557,0.9381631796788023,1.05,1.05,11.0,5.0,0.0,0.0,0.0,0.0,0.0,0.0,4.47508732405616,4.47508732405616,6.76147759584291,6.715753558553674,0.11253350443485677,0.02390393163896376,0.023373379252644266,0.011836820321197705,0.0017883318082768948,0.00018207000210447919,True,True,True,5.0,stopped_no_deficit_reducing_safe_action_found,
fed_combined_load_1p25_line_37_MG1,True,0.9284053937475478,0.9407076104145575,1.05,1.05,9.0,2.0,0.0,0.0,0.0,0.0,0.0,0.0,4.475087324056161,4.47508732405616,6.928801431762389,6.898528231848886,0.09797326885726265,0.014499732767535911,0.02159460625245213,0.009292389585442429,0.001411380164825257,0.0001134649272237344,True,True,True,4.0,stopped_no_deficit_reducing_safe_action_found,
fed_combined_load_1p25_line_39_MG1,True,0.9266725017012859,0.9497687414941525,1.05,1.05,9.0,1.0,0.0,0.0,0.0,0.0,0.0,0.0,4.475087324056166,4.475087324056157,6.762114966253728,6.745214001369266,0.0926787013896272,0.00023125850584748697,0.023327498298714056,0.00023125850584748697,0.001510381056711987,5.348049652681217e-08,True,True,True,9.0,stopped_no_deficit_reducing_safe_action_found,
fed_combined_load_1p25_line_40_MG1,True,0.9265486923686989,0.9500002489665631,1.0500000000000003,1.0500000000000003,9.0,0.0,1.0,1.0,0.0,0.0,0.0,0.0,4.475087324056159,4.475087324056157,6.756988223997898,6.715726086412223,0.09410342968104168,0.0,0.0234513076313011,0.0,0.0015376270139288444,0.0,True,True,True,4.0,success_all_voltages_above_vmin,
fed_combined_load_1p25_line_41_MG1,True,0.9263893491450729,0.9502696561320779,1.0500000000000005,1.05,9.0,0.0,1.0,0.0,0.0,0.0,0.0,0.0,4.475087324056161,4.475087324056162,6.751788463311113,6.708937886710513,0.09510903289434147,0.0,0.023610650854927084,0.0,0.0015619672718003707,0.0,True,True,True,5.0,success_all_voltages_above_vmin,
fed_combined_load_1p25_line_49_MG1,True,0.9041094536198717,0.9460575093171255,1.0500000000000003,1.05,10.0,2.0,1.0,0.0,0.0,0.0,0.0,0.0,4.475087324056158,4.475087324056163,6.670014334663864,6.658086297014755,0.14957397251931803,0.004976784953346192,0.04589054638012824,0.003942490682874444,0.003952986041869735,1.6612997422482487e-05,True,True,True,4.0,stopped_no_deficit_reducing_safe_action_found,
fed_combined_load_1p25_line_84_MG2,True,0.9269180003694104,0.9460714561279877,1.05,1.05,9.0,3.0,0.0,0.0,0.0,0.0,0.0,0.0,4.475087324056157,4.47508732405616,6.773816485084017,6.721576834816516,0.09133580790362006,0.008769740476906929,0.023081999630589545,0.003928543872012247,0.00147737046212885,3.1254709301290584e-05,True,True,True,4.0,stopped_no_deficit_reducing_safe_action_found,
fed_combined_load_1p25_line_85_MG2,True,0.9268911072204882,0.9519999999999998,1.0500000000000003,1.05,9.0,0.0,2.0,0.0,0.0,0.0,0.0,0.0,4.47508732405616,4.4750873240561555,6.788058310387532,6.744636108424172,0.09080000715474923,0.0,0.02310889277951178,0.0,0.0014719039818728815,0.0,True,True,True,5.0,success_all_voltages_above_vmin,
fed_combined_load_1p25_line_86_MG2,True,0.926923126267576,0.9501338876262313,1.0500000000000003,1.05,9.0,0.0,1.0,0.0,0.0,0.0,0.0,0.0,4.47508732405616,4.475087324056159,6.786467259383396,6.743310213192688,0.09013676855386288,0.0,0.023076873732423953,0.0,0.0014611505442615543,0.0,True,True,True,5.0,success_all_voltages_above_vmin,
fed_combined_load_1p25_line_89_MG2,True,0.8284672890622602,0.9399286895203657,1.0500000000000003,1.05,21.0,5.0,2.0,0.0,0.0,0.0,0.0,0.0,4.475087324056158,4.475087324056166,6.332657013324355,6.219000273004828,0.7367632489621988,0.023228942410445486,0.12153271093773976,0.010071310479634277,0.048563402122623694,0.00017211495785413708,True,True,True,6.0,stopped_no_deficit_reducing_safe_action_found,
fed_combined_load_1p25_line_91_MG2,True,0.9268872488290876,0.9481854665532257,1.05,1.05,9.0,2.0,0.0,0.0,0.0,0.0,0.0,0.0,4.475087324056153,4.475087324056163,6.596571744711537,6.600079165047871,0.09720270468484249,0.0033183978229878175,0.023112751170912382,0.0018145334467742913,0.0015594797637136677,5.554139691506688e-06,True,True,True,8.0,stopped_no_deficit_reducing_safe_action_found,
fed_combined_load_1p25_line_92_MG2,True,0.9268872488290876,0.9481854665532257,1.05,1.05,9.0,2.0,0.0,0.0,0.0,0.0,0.0,0.0,4.475087324056153,4.475087324056163,6.596571744711537,6.600079165047871,0.09720270468484249,0.0033183978229878175,0.023112751170912382,0.0018145334467742913,0.0015594797637136677,5.554139691506688e-06,True,True,True,8.0,stopped_no_deficit_reducing_safe_action_found,
fed_combined_load_1p25_line_96_MG2,True,0.9246674596253027,0.945346283662212,1.0500000000000003,1.0499999999999998,9.0,2.0,1.0,0.0,0.0,0.0,0.0,0.0,4.475087324056161,4.475087324056155,7.725142603439789,7.675806059114038,0.10304072697878452,0.006175366685603811,0.025332540374697232,0.004653716337787994,0.001841512997158012,2.3972495533602897e-05,True,True,True,3.0,stopped_no_deficit_reducing_safe_action_found,
fed_combined_load_1p25_line_97_MG2,True,0.9249321967790266,0.9508851197003592,1.0500000000000003,1.05,9.0,0.0,2.0,0.0,0.0,0.0,0.0,0.0,4.475087324056156,4.475087324056155,7.640666817210392,7.5993189092403854,0.09895843713496133,0.0,0.02506780322097335,0.0,0.0017655994962691014,0.0,True,True,True,6.0,success_all_voltages_above_vmin,
fed_combined_load_1p25_line_99_MG1,True,0.9291715450659814,0.9483434051580811,1.05,1.05,8.0,1.0,0.0,0.0,0.0,0.0,0.0,0.0,4.4750873240561635,4.475087324056161,6.980996927424883,6.94763558722056,0.08066838615645155,0.0016565948419188237,0.020828454934018525,0.0016565948419188237,0.0011891967008913042,2.7443064702720523e-06,True,True,True,5.0,stopped_no_deficit_reducing_safe_action_found,
fed_combined_load_1p35_line_101_MG1,True,0.89851564104583,0.9496599654599679,1.0500000000000003,1.05,16.0,1.0,3.0,0.0,0.0,0.0,0.0,0.0,4.86022414931292,4.78774710056884,9.581338124578854,9.485600715630294,0.30333271014468455,0.0003400345400320637,0.05148435895416992,0.0003400345400320637,0.010191318804333774,1.1562348841481711e-07,True,True,True,6.0,stopped_no_deficit_reducing_safe_action_found,
fed_combined_load_1p35_line_127_MG3,True,0.8971507448855306,0.9407323550124176,1.0500000000000003,1.05,15.0,3.0,1.0,0.0,0.0,0.0,0.0,0.0,4.480989505673824,4.475087324056158,9.347126514090668,9.239094004100657,0.27828748189743924,0.015472275069116526,0.05284925511446936,0.009267644987582369,0.009828538193674038,0.00010993369780529897,True,True,True,8.0,stopped_no_deficit_reducing_safe_action_found,
fed_combined_load_1p35_line_128_MG3,True,0.8940973193215679,0.9409356620134763,1.05,1.05,17.0,4.0,0.0,0.0,0.0,0.0,0.0,0.0,4.4791914071439916,4.475087324056163,9.431305587322642,9.358109471063894,0.2953317974963048,0.02273323601001276,0.05590268067843207,0.009064337986523618,0.010834696316237668,0.0001822593274195285,True,True,True,4.0,stopped_no_deficit_reducing_safe_action_found,
fed_combined_load_1p35_line_129_MG3,True,0.8968652407164702,0.9365083333148664,1.05,1.05,15.0,5.0,0.0,0.0,0.0,0.0,0.0,0.0,4.480735818681259,4.4750873240561555,9.355551759371922,9.287481987748775,0.279469212520446,0.0315660644013287,0.05313475928352973,0.013491666685133574,0.009929629634012997,0.0003026270336947153,True,True,True,8.0,stopped_no_deficit_reducing_safe_action_found,
fed_combined_load_1p35_line_135_MG3,True,0.8958112279271675,0.9386968894094244,1.0500000000000003,1.05,16.0,4.0,1.0,0.0,0.0,0.0,0.0,0.0,4.48340207682047,4.47508732405615,9.342401921791161,9.216712824097687,0.2890378471499251,0.024945862768068316,0.05418877207283246,0.011303110590575538,0.010331495973378183,0.0002297956769095754,True,True,True,6.0,stopped_no_deficit_reducing_safe_action_found,
fed_combined_load_1p35_line_136_MG3,True,0.8958742286875465,0.9412121802222907,1.0500000000000003,1.05,15.0,4.0,1.0,0.0,0.0,0.0,0.0,0.0,4.479896006527665,4.475087324056157,9.364589950955349,9.306872885567993,0.282755506805899,0.02014081961042824,0.05412577131245344,0.00878781977770926,0.010229796665523922,0.0001448979315696172,True,True,True,6.0,stopped_no_deficit_reducing_safe_action_found,
fed_combined_load_1p35_line_138_MG3,True,0.895693360959099,0.9382482141089233,1.05,1.05,20.0,9.0,0.0,0.0,0.0,0.0,0.0,0.0,4.48360856579282,4.4750873240561555,9.345649718834155,9.261581533179262,0.30941122887974015,0.043700622529397215,0.05430663904090094,0.011751785891076616,0.010637155382703522,0.0003812882677116541,True,True,True,5.0,stopped_no_deficit_reducing_safe_action_found,
fed_combined_load_1p35_line_139_MG3,True,0.8953127947133023,0.9396875578318683,1.0500000000000003,1.05,17.0,6.0,2.0,0.0,0.0,0.0,0.0,0.0,4.4828218969213065,4.475087324056157,9.378347086026368,9.287169923514988,0.28954682559187617,0.03390777480097662,0.05468720528669768,0.010312442168131652,0.010498493913937675,0.0002666328493980707,True,True,True,6.0,stopped_no_deficit_reducing_safe_action_found,
fed_combined_load_1p35_line_140_MG3,True,0.8944331004611432,0.9398615536276481,1.0500000000000003,1.05,16.0,4.0,1.0,0.0,0.0,0.0,0.0,0.0,4.483197248686457,4.475087324056156,9.36699591969608,9.282432376969997,0.2895863899924007,0.023844769157502554,0.05556689953885674,0.01013844637235184,0.010733938247707187,0.00020596500940370181,True,True,True,8.0,stopped_no_deficit_reducing_safe_action_found,
fed_combined_load_1p35_line_165_MG1,True,0.8975750783002086,0.9404859931948495,1.0500000000000003,1.05,16.0,4.0,1.0,0.0,0.0,0.0,0.0,0.0,4.567386870929435,4.526699275522582,9.340445886941087,9.290188594992792,0.2923899095427742,0.02831807814127063,0.052424921699791405,0.009514006805150466,0.010043680390238825,0.00022079839062552305,True,True,True,7.0,stopped_no_deficit_reducing_safe_action_found,
fed_combined_load_1p35_line_166_MG2,True,0.8982373967514735,0.9396171759585091,1.0500000000000003,1.05,15.0,3.0,1.0,0.0,0.0,0.0,0.0,0.0,4.483993712406822,4.475087324056158,9.36343661453355,9.283989670781336,0.2760073778553679,0.02495595243341775,0.05176260324852644,0.010382824041490823,0.00949533931288124,0.00022519345740230594,True,True,True,8.0,stopped_no_deficit_reducing_safe_action_found,
fed_combined_load_1p35_line_167_MG2,True,0.8980536141796666,0.9346602372015627,1.05,1.05,15.0,8.0,0.0,0.0,0.0,0.0,0.0,0.0,4.482073570288255,4.475087324056149,9.363039414744168,9.312781899410657,0.2759785203477746,0.07501191768085014,0.051946385820333396,0.015339762798437295,0.009546316765213596,0.0008760787506239614,True,True,True,8.0,stopped_no_deficit_reducing_safe_action_found,
fed_combined_load_1p35_line_168_MG1,True,0.8975545030054425,0.9402920214859225,1.0500000000000003,1.05,17.0,6.0,1.0,0.0,0.0,0.0,0.0,0.0,4.566420067027067,4.496964433892038,9.340868686440823,9.237991901469284,0.29178455089101984,0.029405193632843774,0.05244549699455747,0.009707978514077453,0.009958944706544353,0.00018918684379305335,True,True,True,8.0,stopped_no_deficit_reducing_safe_action_found,
fed_combined_load_1p35_line_170_MG1,True,0.8997228882748837,0.9365678477294488,1.05,1.05,14.0,3.0,0.0,0.0,0.0,0.0,0.0,0.0,4.475087324056161,4.4750873240561555,9.144591183757132,9.076394939079409,,,,,,,True,True,False,4.0,stopped_no_deficit_reducing_safe_action_found,
fed_combined_load_1p35_line_171_MG3,True,0.7273865304447327,0.9386109488410036,1.05,1.05,17.0,5.0,0.0,0.0,0.0,0.0,0.0,0.0,4.475087324056156,4.475087324056159,9.667937117650059,9.550259237029863,0.5559458853193734,0.03062132513782967,0.22261346955526728,0.011389051158996355,0.0906000655752354,0.0002664124371247199,True,True,True,6.0,stopped_no_deficit_reducing_safe_action_found,
fed_combined_load_1p35_line_172_MG3,True,0.884434237471361,0.9373867011946277,1.0500000000000003,1.05,15.0,7.0,1.0,0.0,0.0,0.0,0.0,0.0,4.475087324056158,4.4750873240561555,9.476288226594635,9.377214714131368,0.2756558160208783,0.0456073464467569,0.065565762528639,0.012613298805372208,0.010227256201282097,0.00040175452226742163,True,True,True,8.0,stopped_no_deficit_reducing_safe_action_found,
fed_combined_load_1p35_line_35_MG1,True,0.8971887175389125,0.9346646180263419,1.05,1.05,15.0,4.0,0.0,0.0,0.0,0.0,0.0,0.0,4.55563233645664,4.500619996520505,9.334312066620509,9.210836393195438,0.2826973109186852,0.029364567718406565,0.05281128246108746,0.015335381973658024,0.00995339909742045,0.0003386015631105054,True,True,True,5.0,stopped_no_deficit_reducing_safe_action_found,
fed_combined_load_1p35_line_36_MG1,True,0.897492755711725,0.9394435628847536,1.0500000000000003,1.05,17.0,5.0,1.0,0.0,0.0,0.0,0.0,0.0,4.564309986947734,4.528200078324217,9.33928271056444,9.268574233622852,0.3126403319010529,0.03474017252587369,0.05250724428827491,0.010556437115246342,0.010367423715672867,0.00027446882500394134,True,True,True,10.0,stopped_no_deficit_reducing_safe_action_found,
fed_combined_load_1p35_line_37_MG1,True,0.9002571281697948,0.9380226952385003,1.0500000000000003,1.05,18.0,3.0,1.0,0.0,0.0,0.0,0.0,0.0,4.8064672187853175,4.732452945161633,9.546691704709307,9.489316312775902,0.32059632120650317,0.016728897370864027,0.049742871830205204,0.011977304761499608,0.010124571234624676,0.00015551779246048917,True,True,True,9.0,stopped_no_deficit_reducing_safe_action_found,
fed_combined_load_1p35_line_39_MG1,True,0.8975828805429477,0.9404875079786519,1.0500000000000003,1.05,15.0,5.0,1.0,0.0,0.0,0.0,0.0,0.0,4.565532848109118,4.511261210602802,9.33975869668229,9.26148734326389,0.2872320800724387,0.023813477945660577,0.0524171194570523,0.009512492021348073,0.0099322624684272,0.00016788845955973756,True,True,True,6.0,stopped_no_deficit_reducing_safe_action_found,
fed_combined_load_1p35_line_40_MG1,True,0.8972289788680738,0.9409470817827742,1.05,1.05,16.0,4.0,0.0,0.0,0.0,0.0,0.0,0.0,4.567128636787595,4.502730902241623,9.331280825243915,9.269412498926801,0.30433726554264506,0.01989774796494237,0.05277102113192611,0.009052918217225758,0.010326564624367911,0.0001436699766265297,True,True,True,7.0,stopped_no_deficit_reducing_safe_action_found,
fed_combined_load_1p35_line_41_MG1,True,0.896919988022324,0.939258874844294,1.05,1.05,16.0,3.0,0.0,0.0,0.0,0.0,0.0,0.0,4.569852383167559,4.479125120259273,9.326640659795881,9.249515562839255,0.2988188707812838,0.023390809661929635,0.05308001197767598,0.01074112515570591,0.010337089983466843,0.00019629070463040302,True,True,True,8.0,stopped_no_deficit_reducing_safe_action_found,
fed_combined_load_1p35_line_49_MG1,True,0.8672168568007674,0.9402752739589912,1.05,1.05,24.0,6.0,0.0,0.0,0.0,0.0,0.0,0.0,4.475087324056161,4.475087324056155,9.205553530555195,9.119463815814616,0.5787721202303566,0.025091666192455953,0.08278314319923252,0.009724726041008713,0.024334940355746952,0.0001828166892866714,True,True,True,7.0,stopped_no_deficit_reducing_safe_action_found,
fed_combined_load_1p35_line_84_MG2,True,0.8980466054518528,0.9406795837230637,1.0500000000000003,1.05,15.0,5.0,1.0,0.0,0.0,0.0,0.0,0.0,4.493936812749833,4.475087324056163,9.349786923974964,9.280762421305148,0.27941225409100023,0.03425839445187984,0.05195339454814718,0.00932041627693625,0.009619089011495626,0.0002468007481028335,True,True,True,8.0,stopped_no_deficit_reducing_safe_action_found,
fed_combined_load_1p35_line_85_MG2,True,0.8979743362157987,0.9403594633805006,1.0500000000000003,1.05,15.0,4.0,1.0,0.0,0.0,0.0,0.0,0.0,4.492692686166219,4.475087324056163,9.367696506981,9.27215507345806,0.27763355032790804,0.0290702365281994,0.05202566378420126,0.009640536619499374,0.009605841359303575,0.00023232314685107112,True,True,True,9.0,stopped_no_deficit_reducing_safe_action_found,
fed_combined_load_1p35_line_86_MG2,True,0.8980646357351022,0.9414472845473302,1.05,1.05,15.0,1.0,0.0,0.0,0.0,0.0,0.0,0.0,4.47951697080675,4.4750873240561635,9.361520196952707,9.293711400908363,0.2761429361551375,0.008552715452669779,0.051935364264897754,0.008552715452669779,0.009545741774625258,7.314894161433643e-05,True,True,True,4.0,stopped_no_deficit_reducing_safe_action_found,
fed_combined_load_1p35_line_89_MG2,False,,,,,,,,,,,,,,,,,,,,,,,,,,,,Power Flow nr did not converge after 50 iterations!
fed_combined_load_1p35_line_91_MG2,True,0.8979605487554452,0.9430000000000002,1.0500000000000003,1.05,16.0,2.0,1.0,0.0,0.0,0.0,0.0,0.0,4.680931939699211,4.600742543376368,9.182659145674055,9.111558464601828,0.3033203694635742,0.008027961385666083,0.05203945124455478,0.006999999999999784,0.010200224289720077,5.0056704610417955e-05,True,True,True,10.0,stopped_no_deficit_reducing_safe_action_found,
fed_combined_load_1p35_line_92_MG2,True,0.8979605487554452,0.9430000000000002,1.0500000000000003,1.05,16.0,2.0,1.0,0.0,0.0,0.0,0.0,0.0,4.680931939699211,4.600742543376368,9.182659145674055,9.111558464601828,0.3033203694635742,0.008027961385666083,0.05203945124455478,0.006999999999999784,0.010200224289720077,5.0056704610417955e-05,True,True,True,10.0,stopped_no_deficit_reducing_safe_action_found,
fed_combined_load_1p35_line_96_MG2,True,0.8912719929426037,0.9416331950569781,1.0500000000000003,1.05,16.0,2.0,1.0,0.0,0.0,0.0,0.0,0.0,4.603246003453394,4.550160562112296,10.604266953864077,10.471463709570392,0.30491090064617177,0.010014819195921176,0.058728007057396225,0.008366804943021888,0.01234442040965757,7.27193759323347e-05,True,True,True,8.0,stopped_no_deficit_reducing_safe_action_found,
fed_combined_load_1p35_line_97_MG2,True,0.8920163329395808,0.9465125795853622,1.0500000000000003,1.05,14.0,1.0,1.0,0.0,0.0,0.0,0.0,0.0,4.564068480009279,4.5116272633979895,10.498588118732707,10.373685390381658,0.2911378931010864,0.0034874204146377874,0.05798366706041913,0.0034874204146377874,0.011855627206401872,1.2162101148432396e-05,True,True,True,11.0,stopped_no_deficit_reducing_safe_action_found,
fed_combined_load_1p35_line_99_MG1,True,0.9018540411138667,0.9441458621691255,1.0500000000000003,1.05,16.0,3.0,2.0,0.0,0.0,0.0,0.0,0.0,4.958710828926841,4.881165370710999,9.677459496525726,9.551807474477734,0.28540098103577527,0.009128995952763841,0.04814595888613327,0.005854137830874406,0.008957369709260855,4.0794026133175555e-05,True,True,True,9.0,stopped_no_deficit_reducing_safe_action_found,
fed_combined_load_1p5_line_101_MG1,True,0.7962398095319806,0.8713328327048667,1.05,1.05,61.0,38.0,0.0,0.0,0.0,0.0,0.0,0.0,6.919424627798295,6.4598436768172975,14.784212444946293,14.210356445443423,2.457635586861521,0.749422748177033,0.15376019046801936,0.07866716729513323,0.1941629312596721,0.02472309501675783,True,True,True,6.0,stopped_no_deficit_reducing_safe_action_found,
fed_combined_load_1p5_line_127_MG3,True,0.7930057825838879,0.92697729881701,1.0500000000000003,1.05,55.0,21.0,1.0,0.0,0.0,0.0,0.0,0.0,6.077532346868649,5.735817740008853,14.17037160355658,13.518330920706942,1.9873721471262038,0.22356440602228256,0.15699421741611208,0.02302270118298999,0.15061601261134433,0.0034596370907017484,True,True,True,11.0,stopped_no_deficit_reducing_safe_action_found,
fed_combined_load_1p5_line_128_MG3,True,0.7832867726808782,0.9135165176801857,1.05,1.05,60.0,27.0,0.0,0.0,0.0,0.0,0.0,0.0,6.086080252969704,5.720453316845235,14.318813953242515,13.635780072922799,2.398406182522168,0.4047832408172859,0.16671322731912175,0.03648348231981424,0.18319161856409386,0.008362245971197037,True,True,True,8.0,stopped_no_deficit_reducing_safe_action_found,
fed_combined_load_1p5_line_129_MG3,True,0.7921942302948268,0.9045013912917922,1.05,1.05,57.0,25.0,0.0,0.0,0.0,0.0,0.0,0.0,6.078092594138948,5.805232030172672,14.183270713096793,13.596973532782176,2.021807353709801,0.29690142716010803,0.15780576970517313,0.045498608708207766,0.15305540600024692,0.006843241156414144,True,True,True,7.0,stopped_no_deficit_reducing_safe_action_found,
fed_combined_load_1p5_line_135_MG3,True,0.7844470074852558,0.9215948104551581,1.05,1.05,58.0,16.0,0.0,0.0,0.0,0.0,0.0,0.0,6.089012153923044,5.761876930897506,14.233293489148144,13.57181852486,2.255350490468391,0.20836561835407852,0.1655529925147442,0.028405189544841836,0.17759427356918267,0.00395441040277842,True,True,True,11.0,stopped_no_deficit_reducing_safe_action_found,
fed_combined_load_1p5_line_136_MG3,True,0.7908611099782252,0.9230264521625289,1.05,1.05,55.0,16.0,0.0,0.0,0.0,0.0,0.0,0.0,6.0765151976819265,5.7302984879258965,14.19739394094992,13.583693867246263,2.0126020679868883,0.20573090911409564,0.15913889002177473,0.02697354783747108,0.15658923828653828,0.003694112544964414,True,True,True,12.0,stopped_max_iterations_reached,
fed_combined_load_1p5_line_138_MG3,True,0.7826906364493897,0.9117961396951273,1.0500000000000003,1.05,59.0,21.0,2.0,0.0,0.0,0.0,0.0,0.0,6.091009712923393,5.75526085465863,14.254828336940179,13.460929275843203,2.372859733198344,0.2849754411884039,0.1673093635506102,0.03820386030487266,0.19142608336944875,0.0057980298705084575,True,True,True,9.0,stopped_no_deficit_reducing_safe_action_found,
fed_combined_load_1p5_line_139_MG3,True,0.768981060647516,0.9277665472838406,1.05,1.05,61.0,16.0,0.0,0.0,0.0,0.0,0.0,0.0,6.1056411024345385,5.774953098439786,14.429120472718363,13.734508270436441,2.6855780719399784,0.1893859059521178,0.18101893935248392,0.022233452716159396,0.22516534225120227,0.002711926036371177,True,True,True,12.0,stopped_max_iterations_reached,
fed_combined_load_1p5_line_140_MG3,True,0.7639102758503381,0.9229814503851371,1.0500000000000003,1.05,62.0,23.0,1.0,0.0,0.0,0.0,0.0,0.0,6.111245922018115,5.736212630811082,14.431555628143467,13.682752172163436,2.7239027709440657,0.3307885115346887,0.18608972414966185,0.02701854961486283,0.23561421711560346,0.006234991902165778,True,True,True,11.0,stopped_no_deficit_reducing_safe_action_found,
fed_combined_load_1p5_line_165_MG1,True,0.7935144729986326,0.9148195668747721,1.0499999999999998,1.05,59.0,17.0,0.0,0.0,0.0,0.0,0.0,0.0,6.2253983288041725,5.877073654100448,14.191163763735688,13.556478270453978,2.227421658983036,0.2519009899562529,0.1564855270013673,0.035180433125227895,0.16825083054395956,0.005102570418002177,True,True,True,11.0,stopped_no_deficit_reducing_safe_action_found,
fed_combined_load_1p5_line_166_MG2,True,0.7967963216130244,0.9249441486856798,1.0499999999999998,1.05,54.0,15.0,0.0,0.0,0.0,0.0,0.0,0.0,6.085877813437614,5.777405750305597,14.168631352692545,13.597693268864042,1.9484098773147682,0.18987868725719304,0.15320367838697557,0.0250558513143202,0.145010641672177,0.0033504402921758904,True,True,True,11.0,stopped_no_deficit_reducing_safe_action_found,
fed_combined_load_1p5_line_167_MG2,True,0.7961602587341121,0.9261562022587184,1.05,1.05,57.0,17.0,0.0,0.0,0.0,0.0,0.0,0.0,6.083415071034177,5.773423720490926,14.170369451080008,13.56909063893853,1.9525898606946952,0.1638659230880506,0.15383974126588784,0.023843797741281536,0.14586465013250152,0.00244778059349431,True,True,True,11.0,stopped_no_deficit_reducing_safe_action_found,
fed_combined_load_1p5_line_168_MG1,True,0.7942109478647689,0.9308148325848187,1.05,1.05,60.0,23.0,0.0,0.0,0.0,0.0,0.0,0.0,6.201513520420216,5.864436304026068,14.174063442276458,13.68424324101993,2.0531615097204234,0.20537374840537193,0.1557890521352311,0.01918516741518128,0.15520963429552706,0.0026943494366049527,True,True,True,12.0,stopped_max_iterations_reached,
fed_combined_load_1p5_line_170_MG1,True,0.8026214100556468,0.9331257885913044,1.05,1.05,50.0,13.0,0.0,0.0,0.0,0.0,0.0,0.0,5.896311073634524,5.628666313244848,13.816693292693078,13.309633472421147,,,,,,,True,True,False,11.0,stopped_no_deficit_reducing_safe_action_found,
fed_combined_load_1p5_line_171_MG3,False,,,,,,,,,,,,,,,,,,,,,,,,,,,,Power Flow nr did not converge after 50 iterations!
fed_combined_load_1p5_line_172_MG3,True,0.7593600044934549,0.906931986898518,1.05,1.05,55.0,27.0,0.0,0.0,0.0,0.0,0.0,0.0,6.01673841358918,5.7911084250005285,14.38652851879414,13.944901518908711,2.0410680103300085,0.40170988770753613,0.1906399955065451,0.043068013101482006,0.1547391581224654,0.008819097692214483,True,True,True,8.0,stopped_no_deficit_reducing_safe_action_found,
fed_combined_load_1p5_line_35_MG1,True,0.7933301072238151,0.9269554675434469,1.05,1.05,56.0,10.0,0.0,0.0,0.0,0.0,0.0,0.0,6.191936924405094,5.858603419297666,14.170688160387718,13.569195691929812,2.0293539073211875,0.10369106527363381,0.15666989277618482,0.023044532456553024,0.1556704626908354,0.00158198567238966,True,True,True,12.0,stopped_max_iterations_reached,
fed_combined_load_1p5_line_36_MG1,True,0.7940657087622114,0.919438339999103,1.05,1.05,58.0,28.0,0.0,0.0,0.0,0.0,0.0,0.0,6.197322784504669,5.8666087566179606,14.170869411555657,13.635636058697417,2.0654596825269653,0.43043423460100394,0.15593429123778857,0.030561660000896995,0.15556412174433001,0.008285762019075006,True,True,True,8.0,stopped_no_deficit_reducing_safe_action_found,
fed_combined_load_1p5_line_37_MG1,True,0.7988505820530878,0.9188629911500088,1.0499999999999998,1.05,59.0,18.0,0.0,0.0,0.0,0.0,0.0,0.0,6.587711610174922,6.140069211226068,14.516232063844189,13.878951085281887,2.3129335792257475,0.2226783237758848,0.15114941794691217,0.031137008849991155,0.17367279883881975,0.004319946624714415,True,True,True,12.0,stopped_max_iterations_reached,
fed_combined_load_1p5_line_39_MG1,True,0.7943137417853294,0.9272930461709118,1.0500000000000005,1.05,56.0,16.0,1.0,0.0,0.0,0.0,0.0,0.0,6.198303881455883,5.8026641760639865,14.170217991113857,13.585729469055819,2.0311267231862935,0.16557313886794356,0.15568625821467053,0.02270695382908816,0.15456339452941664,0.002535452830175738,True,True,True,12.0,stopped_max_iterations_reached,
fed_combined_load_1p5_line_40_MG1,True,0.7927382723144725,0.9296974374248506,1.0500000000000003,1.05,58.0,17.0,1.0,0.0,0.0,0.0,0.0,0.0,6.210006390281462,5.85943305161017,14.165272022923398,13.532452002521254,2.1146731000149943,0.14443004708517093,0.15726172768552749,0.020302562575149397,0.1653078364275055,0.0018512753503289866,True,True,True,12.0,stopped_max_iterations_reached,
fed_combined_load_1p5_line_41_MG1,True,0.7918815722881061,0.905968673353893,1.05,1.05,57.0,34.0,0.0,0.0,0.0,0.0,0.0,0.0,6.215664964386139,5.941080723687009,14.161279819505998,13.709471515266364,2.090032060683979,0.4795419215777593,0.15811842771189388,0.04403132664610698,0.1619274659283391,0.011045838337087199,True,True,True,6.0,stopped_no_deficit_reducing_safe_action_found,
fed_combined_load_1p5_line_49_MG1,False,,,,,,,,,,,,,,,,,,,,,,,,,,,,Power Flow nr did not converge after 50 iterations!
fed_combined_load_1p5_line_84_MG2,True,0.7956796380041825,0.9174576894372892,1.0500000000000003,1.05,57.0,24.0,2.0,0.0,0.0,0.0,0.0,0.0,6.110566056738817,5.774903671250741,14.171497899097082,13.632458489753466,1.9949349424968306,0.324596794409163,0.15432036199581745,0.03254231056271073,0.14937745551658085,0.006631662241046716,True,True,True,9.0,stopped_no_deficit_reducing_safe_action_found,
fed_combined_load_1p5_line_85_MG2,True,0.7953213662431615,0.9216821191694496,1.05,1.05,57.0,19.0,0.0,0.0,0.0,0.0,0.0,0.0,6.1110757890562235,5.74493492687644,14.200931716469054,13.619422056172443,1.9997400681631095,0.21498919098773273,0.15467863375683844,0.028317880830550313,0.15015511997159714,0.00387651109192016,True,True,True,11.0,stopped_no_deficit_reducing_safe_action_found,
fed_combined_load_1p5_line_86_MG2,True,0.7962552603219976,0.9055354140852834,1.0500000000000005,1.05,55.0,22.0,1.0,0.0,0.0,0.0,0.0,0.0,6.078492058672149,5.811888566248409,14.166411189881014,13.72949748590001,1.9466054755151019,0.368071988527638,0.1537447396780024,0.04446458591471658,0.14551083643240126,0.009516305589006997,True,True,True,8.0,stopped_no_deficit_reducing_safe_action_found,
fed_combined_load_1p5_line_89_MG2,False,,,,,,,,,,,,,,,,,,,,,,,,,,,,Power Flow nr did not converge after 50 iterations!
fed_combined_load_1p5_line_91_MG2,True,0.7916141600102723,0.9266286364639287,1.0500000000000005,1.05,60.0,21.0,1.0,0.0,0.0,0.0,0.0,0.0,6.446710601166688,5.970047529444829,14.1766209702726,13.362929549324987,2.4022129719952505,0.2496494210698884,0.15838583998972766,0.023371363536071277,0.18894344615434158,0.003933376700618579,True,True,True,12.0,stopped_max_iterations_reached,
fed_combined_load_1p5_line_92_MG2,True,0.7916141600102723,0.9266286364639287,1.0500000000000005,1.05,60.0,21.0,1.0,0.0,0.0,0.0,0.0,0.0,6.446710601166688,5.970047529444829,14.1766209702726,13.362929549324987,2.4022129719952505,0.2496494210698884,0.15838583998972766,0.023371363536071277,0.18894344615434158,0.003933376700618579,True,True,True,12.0,stopped_max_iterations_reached,
fed_combined_load_1p5_line_96_MG2,True,0.7692528343173459,0.9241978597886629,1.0499999999999998,1.05,58.0,17.0,0.0,0.0,0.0,0.0,0.0,0.0,6.316682787743498,5.939098509408584,16.183651275196116,15.399381167751761,2.2761230938851607,0.23297613053385813,0.18074716568265403,0.025802140211337088,0.19754224264289585,0.0039553476810493485,True,True,True,11.0,stopped_no_deficit_reducing_safe_action_found,
fed_combined_load_1p5_line_97_MG2,True,0.7723930104988274,0.9141851393249256,1.05,1.05,60.0,17.0,0.0,0.0,0.0,0.0,0.0,0.0,6.258387284507462,5.877224388097484,16.02269224438363,15.20493086441785,2.2901246029742457,0.20566346268004299,0.1776069895011726,0.035814860675074334,0.1961266529135754,0.00403804241119499,True,True,True,12.0,stopped_max_iterations_reached,
fed_combined_load_1p5_line_99_MG1,True,0.7901531145502109,0.9265420500287083,1.05,1.0499999999999998,64.0,23.0,0.0,0.0,0.0,0.0,0.0,0.0,7.193426684498238,6.445556307102793,15.112344189205057,14.190665873134956,2.7984337327348423,0.24214220520711638,0.1598468854497891,0.02345794997129169,0.23546757971038926,0.0038110123146584294,True,True,True,12.0,stopped_max_iterations_reached,
fed_der_drop_all_sgens,True,0.9429999999999997,0.9493446836884732,1.05,1.05,3.0,1.0,0.0,0.0,0.0,0.0,0.0,0.0,4.475087324056149,4.475087324056156,3.5892305584092057,3.589200069959043,0.01157976589714027,0.0006553163115267102,0.007000000000000228,0.0006553163115267102,6.546513082264418e-05,4.294394681529723e-07,True,True,True,3.0,stopped_no_deficit_reducing_safe_action_found,
fed_der_drop_mg1,True,0.9430000000000001,0.9519338403827807,1.05,1.05,3.0,0.0,0.0,0.0,0.0,0.0,0.0,0.0,4.475087324056152,4.475087324056149,3.589609323116669,3.589583885958729,0.011457389590985634,0.0,0.006999999999999895,0.0,6.483984114864415e-05,0.0,True,True,True,3.0,success_all_voltages_above_vmin,
fed_der_drop_mg2,True,0.943,0.9520000000000002,1.0500000000000003,1.05,3.0,0.0,1.0,0.0,0.0,0.0,0.0,0.0,4.475087324056153,4.475087324056155,3.5737806991483483,3.573775768933513,0.011511742968732586,0.0,0.007000000000000006,0.0,6.534664340088524e-05,0.0,True,True,True,2.0,success_all_voltages_above_vmin,
fed_der_drop_mg3,True,0.9430000000000001,0.9520000000000002,1.0500000000000003,1.05,3.0,0.0,1.0,0.0,0.0,0.0,0.0,0.0,4.47508732405615,4.475087324056152,3.5738456522419684,3.5738495255197003,0.011468803789994597,0.0,0.006999999999999895,0.0,6.489642700961427e-05,0.0,True,True,True,2.0,success_all_voltages_above_vmin,
fed_der_drop_mg4,True,0.943,0.9520000000000001,1.05,1.05,3.0,0.0,0.0,0.0,0.0,0.0,0.0,0.0,4.475087324056158,4.475087324056161,3.5736977481032106,3.573705330683257,0.011458909682403262,0.0,0.007000000000000006,0.0,6.491094654411825e-05,0.0,True,True,True,2.0,success_all_voltages_above_vmin,
fed_load_scale_0p7,True,0.9519999999999996,0.9519999999999996,1.05,1.05,0.0,0.0,0.0,0.0,0.0,0.0,0.0,0.0,4.475087324056151,4.475087324056151,5.3421880429853035,5.3421880429853035,0.0,0.0,0.0,0.0,0.0,0.0,False,False,False,0.0,success_all_voltages_above_vmin,
fed_load_scale_0p85,True,0.9443844370085853,0.9502379190903202,1.05,1.05,1.0,0.0,0.0,0.0,0.0,0.0,0.0,0.0,4.475087324056155,4.475087324056146,3.191837457004588,3.192114337744563,0.0056155629914146354,0.0,0.0056155629914146354,0.0,3.1534547710545686e-05,0.0,True,True,True,1.0,success_all_voltages_above_vmin,
fed_load_scale_1p0,True,0.9430000000000002,0.9520000000000001,1.0500000000000003,1.05,3.0,0.0,1.0,0.0,0.0,0.0,0.0,0.0,4.475087324056156,4.475087324056163,3.5739011158814193,3.5738980695196774,0.011439656235557871,0.0,0.006999999999999784,0.0,6.484531493504787e-05,0.0,True,True,True,2.0,success_all_voltages_above_vmin,
fed_load_scale_1p15,True,0.9417899976746202,0.9513437843398235,1.05,1.05,3.0,0.0,0.0,0.0,0.0,0.0,0.0,0.0,4.475087324056157,4.4750873240561555,4.343102224356977,4.340789805422485,0.019776284375125686,0.0,0.008210002325379717,0.0,0.00013725506994057262,0.0,True,True,True,2.0,success_all_voltages_above_vmin,
fed_load_scale_1p25,True,0.9271276634242396,0.9463018101535842,1.05,1.05,9.0,3.0,0.0,0.0,0.0,0.0,0.0,0.0,4.475087324056155,4.475087324056157,6.6831123097540495,6.649056308614303,0.0885179534888334,0.009190386558576513,0.022872336575760377,0.003698189846415789,0.0014233811627895041,2.9990562913319245e-05,True,True,True,5.0,stopped_no_deficit_reducing_safe_action_found,
fed_load_scale_1p35,True,0.8985813698484044,0.941000710301433,1.0500000000000003,1.05,15.0,3.0,1.0,0.0,0.0,0.0,0.0,0.0,4.482526630404399,4.475087324056163,9.250526336117291,9.187459209135312,0.2719532773362545,0.019135549926979856,0.051418630151595535,0.008999289698567003,0.009328118202594955,0.00013306744339586262,True,True,True,9.0,stopped_no_deficit_reducing_safe_action_found,
fed_load_scale_1p45,True,0.8442685626992203,0.9292184629767751,1.05,1.05,38.0,17.0,0.0,0.0,0.0,0.0,0.0,0.0,5.435815451589514,5.2814674598929034,12.19808641179789,11.892405977367428,0.9097155768149578,0.16024672750684277,0.10573143730077961,0.020781537023224828,0.051232629426388135,0.002228744178595284,True,True,True,10.0,stopped_no_deficit_reducing_safe_action_found,
fed_load_scale_1p5,True,0.7978929973526577,0.9146002134171471,1.0499999999999998,1.05,54.0,20.0,0.0,0.0,0.0,0.0,0.0,0.0,6.072601422115494,5.7709917136973905,14.02182703461558,13.379261141495707,1.905991500190975,0.28277241336437875,0.15210700264734223,0.03539978658285281,0.14100966941173468,0.006051219284335321,True,True,True,12.0,stopped_max_iterations_reached,
fed_n1_tieline_101_MG1_to_MG3,True,0.9430000000000001,0.9520000000000001,1.05,1.05,3.0,0.0,0.0,0.0,0.0,0.0,0.0,0.0,4.475087324056163,4.475087324056155,3.5734815634909274,3.573515242072747,0.011449993153488824,0.0,0.006999999999999895,0.0,6.486047357272121e-05,0.0,True,True,True,2.0,success_all_voltages_above_vmin,
fed_n1_tieline_127_MG3_to_MG4,True,0.943,0.9520000000000002,1.0500000000000003,1.05,3.0,0.0,1.0,0.0,0.0,0.0,0.0,0.0,4.475087324056156,4.475087324056161,3.573900645413599,3.5739057901409494,0.01143955020448284,0.0,0.007000000000000006,0.0,6.484525864076589e-05,0.0,True,True,True,2.0,success_all_voltages_above_vmin,
fed_n1_tieline_128_MG3_to_MG4,True,0.9429999999999998,0.9520000000000001,1.05,1.05,3.0,0.0,0.0,0.0,0.0,0.0,0.0,0.0,4.475087324056157,4.47508732405616,3.573811859058456,3.573810940396227,0.01146034204204427,0.0,0.007000000000000117,0.0,6.489107312615354e-05,0.0,True,True,True,2.0,success_all_voltages_above_vmin,
fed_n1_tieline_129_MG3_to_MG4,True,0.943,0.9520000000000002,1.05,1.05,3.0,0.0,0.0,0.0,0.0,0.0,0.0,0.0,4.475087324056171,4.475087324056156,3.5738900637086326,3.5738999686718738,0.011441430807781705,0.0,0.007000000000000006,0.0,6.484987642671927e-05,0.0,True,True,True,2.0,success_all_voltages_above_vmin,
fed_n1_tieline_135_MG3_to_MG4,True,0.9429999999999998,0.9520000000000001,1.0500000000000003,1.05,3.0,0.0,1.0,0.0,0.0,0.0,0.0,0.0,4.475087324056152,4.475087324056157,3.573919485556069,3.573892612319044,0.011441947791771545,0.0,0.007000000000000117,0.0,6.484496523960572e-05,0.0,True,True,True,3.0,success_all_voltages_above_vmin,
fed_n1_tieline_136_MG3_to_MG4,True,0.9430000000000003,0.9520000000000002,1.0500000000000003,1.05,3.0,0.0,1.0,0.0,0.0,0.0,0.0,0.0,4.475087324056153,4.475087324056161,3.5739236512111057,3.5739272117116636,0.011442144066946214,0.0,0.006999999999999673,0.0,6.484443993374307e-05,0.0,True,True,True,2.0,success_all_voltages_above_vmin,
fed_n1_tieline_138_MG3_to_MG4,True,0.943,0.9495971942944785,1.05,1.05,3.0,1.0,0.0,0.0,0.0,0.0,0.0,0.0,4.47508732405616,4.4750873240561635,3.5739270755946926,3.573927185692141,0.011443195118513327,0.00040280570552142514,0.007000000000000006,0.00040280570552142514,6.484523666521057e-05,1.6225243640061306e-07,True,True,True,3.0,stopped_no_deficit_reducing_safe_action_found,
fed_n1_tieline_139_MG3_to_MG4,True,0.9430000000000001,0.9520000000000001,1.05,1.05,3.0,0.0,0.0,0.0,0.0,0.0,0.0,0.0,4.475087324056157,4.475087324056156,3.5739187321520824,3.5739153255622047,0.011442482187349001,0.0,0.006999999999999895,0.0,6.484584701777167e-05,0.0,True,True,True,2.0,success_all_voltages_above_vmin,
fed_n1_tieline_140_MG3_to_MG4,True,0.9430000000000001,0.952,1.05,1.05,3.0,0.0,0.0,0.0,0.0,0.0,0.0,0.0,4.475087324056157,4.475087324056163,3.5739130937855514,3.5738913042335474,0.011441140543407391,0.0,0.006999999999999895,0.0,6.484507291203961e-05,0.0,True,True,True,3.0,success_all_voltages_above_vmin,
fed_n1_tieline_165_MG1_to_MG4,True,0.9430000000000002,0.9520000000000002,1.0500000000000003,1.05,3.0,0.0,1.0,0.0,0.0,0.0,0.0,0.0,4.475087324056169,4.47508732405616,3.5713305716097077,3.57135017689033,0.011441721411751815,0.0,0.006999999999999784,0.0,6.484857747303636e-05,0.0,True,True,True,2.0,success_all_voltages_above_vmin,
fed_n1_tieline_166_MG2_to_MG4,True,0.9429999999999998,0.9520000000000001,1.0500000000000003,1.0500000000000003,3.0,0.0,1.0,1.0,0.0,0.0,0.0,0.0,4.475087324056152,4.475087324056149,3.5752432899741926,3.575238001809421,0.011437501866332855,0.0,0.007000000000000117,0.0,6.484246271184725e-05,0.0,True,True,True,2.0,success_all_voltages_above_vmin,
fed_n1_tieline_167_MG2_to_MG4,True,0.9430000000000003,0.9520000000000002,1.0500000000000003,1.05,3.0,0.0,2.0,0.0,0.0,0.0,0.0,0.0,4.475087324056156,4.475087324056158,3.573166418798688,3.5731630175434543,0.011439624379795399,0.0,0.006999999999999673,0.0,6.484531495724668e-05,0.0,True,True,True,2.0,success_all_voltages_above_vmin,
fed_n1_tieline_168_MG1_to_MG4,True,0.943,0.9514658419439974,1.0500000000000003,1.05,3.0,0.0,2.0,0.0,0.0,0.0,0.0,0.0,4.47508732405616,4.475087324056155,3.5754811423370296,3.5754786083875105,0.011440372673387933,0.0,0.007000000000000006,0.0,6.484562410243922e-05,0.0,True,True,True,2.0,success_all_voltages_above_vmin,
fed_n1_tieline_170_MG1_to_MG4,True,0.9429999999999995,0.9520000000000002,1.0500000000000003,1.05,3.0,0.0,1.0,0.0,0.0,0.0,0.0,0.0,4.475087324056163,4.475087324056152,3.4725380453569037,3.4725471243640587,,,,,,,True,True,False,2.0,success_all_voltages_above_vmin,
fed_n1_tieline_171_MG3_to_MG4,True,0.8859451857444657,0.9520000000000002,1.05,1.05,3.0,0.0,0.0,0.0,0.0,0.0,0.0,0.0,4.475087324056165,4.475087324056152,3.5732654630035015,3.573269397667822,0.11690217089504273,0.0,0.06405481425553428,0.0,0.006508979225309675,0.0,True,True,True,2.0,success_all_voltages_above_vmin,
fed_n1_tieline_172_MG3_to_MG4,True,0.943,0.9520000000000002,1.0500000000000003,1.05,2.0,0.0,1.0,0.0,0.0,0.0,0.0,0.0,4.475087324056162,4.475087324056153,3.5738097886618614,3.573828756468165,0.010951220376193338,0.0,0.007000000000000006,0.0,6.461214246124546e-05,0.0,True,True,True,2.0,success_all_voltages_above_vmin,
fed_n1_tieline_35_MG1_to_MG2,True,0.9429999999999997,0.9520000000000001,1.05,1.05,3.0,0.0,0.0,0.0,0.0,0.0,0.0,0.0,4.475087324056153,4.4750873240561555,3.5642771105485376,3.5643043079144356,0.011450156694271518,0.0,0.007000000000000228,0.0,6.486090452709178e-05,0.0,True,True,True,2.0,success_all_voltages_above_vmin,
fed_n1_tieline_36_MG1_to_MG2,True,0.94216641532164,0.9520000000000001,1.05,1.05,4.0,0.0,0.0,0.0,0.0,0.0,0.0,0.0,4.47508732405615,4.475087324056153,3.572031693509028,3.5720270267207956,0.019275038499878328,0.0,0.007833584678359928,0.0,0.0001262129672337718,0.0,True,True,True,3.0,success_all_voltages_above_vmin,
fed_n1_tieline_37_MG1_to_MG2,True,0.9430000000000002,0.9520000000000002,1.0500000000000003,1.0499999999999998,3.0,0.0,1.0,0.0,0.0,0.0,0.0,0.0,4.475087324056156,4.475087324056158,3.6019014004198247,3.6019145362093634,0.011342941920580607,0.0,0.006999999999999784,0.0,6.47160250449354e-05,0.0,True,True,True,2.0,success_all_voltages_above_vmin,
fed_n1_tieline_39_MG1_to_MG2,True,0.9429999999999998,0.9520000000000002,1.05,1.05,3.0,0.0,0.0,0.0,0.0,0.0,0.0,0.0,4.475087324056156,4.475087324056153,3.5752294153683963,3.5752427666746174,0.011439964237302203,0.0,0.007000000000000117,0.0,6.484550799144148e-05,0.0,True,True,True,2.0,success_all_voltages_above_vmin,
fed_n1_tieline_40_MG1_to_MG2,True,0.9430000000000001,0.9520000000000001,1.05,1.05,3.0,0.0,0.0,0.0,0.0,0.0,0.0,0.0,4.475087324056161,4.4750873240561555,3.55985350894768,3.559847513174842,0.011433157159318919,0.0,0.006999999999999895,0.0,6.482503056212917e-05,0.0,True,True,True,2.0,success_all_voltages_above_vmin,
fed_n1_tieline_41_MG1_to_MG2,True,0.9430000000000002,0.9520000000000001,1.0500000000000005,1.05,3.0,0.0,2.0,0.0,0.0,0.0,0.0,0.0,4.475087324056156,4.475087324056169,3.5761739965118213,3.5761424915083975,0.0114414498252291,0.0,0.006999999999999784,0.0,6.485213980353223e-05,0.0,True,True,True,2.0,success_all_voltages_above_vmin,
fed_n1_tieline_49_MG1_to_MG2,True,0.9430000000000001,0.9468366640518717,1.0500000000000003,1.05,4.0,2.0,1.0,0.0,0.0,0.0,0.0,0.0,4.475087324056162,4.475087324056161,3.6804846826372453,3.680641450931817,0.017260486672373454,0.00410947041416021,0.006999999999999895,0.003163335948128232,9.990482952675513e-05,1.0901864748533957e-05,True,True,True,5.0,stopped_no_deficit_reducing_safe_action_found,
fed_n1_tieline_84_MG2_to_MG3,True,0.943,0.9520000000000002,1.0500000000000003,1.05,3.0,0.0,1.0,0.0,0.0,0.0,0.0,0.0,4.475087324056158,4.475087324056162,3.574094322815349,3.5741226995696493,0.011570159651505874,0.0,0.007000000000000006,0.0,6.589552569428962e-05,0.0,True,True,True,2.0,success_all_voltages_above_vmin,
fed_n1_tieline_85_MG2_to_MG3,True,0.9429999999999998,0.9489739313377622,1.05,1.05,3.0,1.0,0.0,0.0,0.0,0.0,0.0,0.0,4.4750873240561555,4.47508732405615,3.5741050082909647,3.5741307226054215,0.011484284655128074,0.0010260686622377557,0.007000000000000117,0.0010260686622377557,6.51955522107394e-05,1.0528168996263776e-06,True,True,True,4.0,stopped_no_deficit_reducing_safe_action_found,
fed_n1_tieline_86_MG2_to_MG3,True,0.9429999999999998,0.9520000000000001,1.0500000000000005,1.05,3.0,0.0,2.0,0.0,0.0,0.0,0.0,0.0,4.475087324056161,4.475087324056155,3.573894114779905,3.57389170631093,0.011446813051650184,0.0,0.007000000000000117,0.0,6.490189327543337e-05,0.0,True,True,True,2.0,success_all_voltages_above_vmin,
fed_n1_tieline_89_MG2_to_MG3,True,0.9430000000000001,0.9452385174195276,1.0500000000000003,1.05,4.0,3.0,1.0,0.0,0.0,0.0,0.0,0.0,4.475087324056153,4.475087324056157,3.531729937284995,3.5308029035238087,0.018149758372567826,0.009242765776557582,0.006999999999999895,0.004761482580472376,0.00010699213754358784,3.2733457779643436e-05,True,True,True,8.0,stopped_no_deficit_reducing_safe_action_found,
fed_n1_tieline_91_MG2_to_MG3,True,0.943,0.9520000000000001,1.05,1.05,3.0,0.0,0.0,0.0,0.0,0.0,0.0,0.0,4.475087324056151,4.475087324056162,3.577044165938487,3.577037023121353,0.011081726999295216,0.0,0.007000000000000006,0.0,6.217692329254518e-05,0.0,True,True,True,2.0,success_all_voltages_above_vmin,
fed_n1_tieline_92_MG2_to_MG3,True,0.943,0.9520000000000001,1.05,1.05,3.0,0.0,0.0,0.0,0.0,0.0,0.0,0.0,4.475087324056151,4.475087324056162,3.577044165938487,3.577037023121353,0.011081726999295216,0.0,0.007000000000000006,0.0,6.217692329254518e-05,0.0,True,True,True,2.0,success_all_voltages_above_vmin,
fed_n1_tieline_96_MG2_to_MG3,True,0.9430000000000001,0.9520000000000001,1.0500000000000003,1.05,3.0,0.0,2.0,0.0,0.0,0.0,0.0,0.0,4.475087324056163,4.475087324056156,3.5746459328527798,3.574640748174863,0.01135568322272984,0.0,0.006999999999999895,0.0,6.390512553605024e-05,0.0,True,True,True,2.0,success_all_voltages_above_vmin,
fed_n1_tieline_97_MG2_to_MG3,True,0.9429999999999998,0.9514194681378755,1.05,1.05,3.0,0.0,0.0,0.0,0.0,0.0,0.0,0.0,4.475087324056161,4.475087324056153,3.574335677152518,3.574345211725584,0.011367792909934726,0.0,0.007000000000000117,0.0,6.405644133438967e-05,0.0,True,True,True,3.0,success_all_voltages_above_vmin,
fed_n1_tieline_99_MG1_to_MG3,True,0.9429999999999998,0.952,1.05,1.05,3.0,0.0,0.0,0.0,0.0,0.0,0.0,0.0,4.475087324056163,4.475087324056156,3.5743324774909944,3.5742970496987096,0.01142943502731153,0.0,0.007000000000000117,0.0,6.483032849816228e-05,0.0,True,True,True,2.0,success_all_voltages_above_vmin,
