scenario_id,v2b_base_vm_min,v2r_base_vm_min,base_vm_min_diff,v2b_base_uv,v2r_base_uv,base_uv_diff,v2b_final_vm_min,v2r_final_vm_min,delta_final_vm_min,v2b_final_uv,v2r_final_uv,delta_final_uv,v2b_final_deficit,v2r_final_deficit,delta_final_deficit,v2b_termination,v2r_termination,v2b_final_vm_max_pu,v2r_final_vm_max_pu,delta_final_vm_max_pu,v2b_final_n_overvoltage,v2r_final_n_overvoltage,delta_final_n_overvoltage,v2b_final_line_loading_max_pct,v2r_final_line_loading_max_pct,delta_final_line_loading_max_pct,v2b_final_trafo_loading_max_pct,v2r_final_trafo_loading_max_pct,delta_final_trafo_loading_max_pct,v2b_final_n_overloaded_lines,v2r_final_n_overloaded_lines,delta_final_n_overloaded_lines,v2b_final_n_overloaded_trafos,v2r_final_n_overloaded_trafos,delta_final_n_overloaded_trafos
fed_combined_load_1p25_line_101_MG1,0.9272108217802724,0.9272108217802724,0.0,8.0,8.0,0.0,0.9442259207398096,0.950593466205468,0.006367545465658431,1.0,0.0,-1.0,0.0057740792601904,0.0,-0.0057740792601904,stopped_no_deficit_reducing_safe_action_found,success_all_voltages_above_vmin,1.05,1.0500000000000005,4.440892098500626e-16,0.0,0.0,0.0,4.475087324056155,4.475087324056158,3.552713678800501e-15,6.853608059902603,6.8952846050575385,0.04167654515493524,0.0,0.0,0.0,0.0,0.0,0.0
fed_combined_load_1p25_line_127_MG3,0.9266204258906112,0.9266204258906112,0.0,9.0,9.0,0.0,0.9473125678296028,0.9501203904669266,0.00280782263732382,1.0,0.0,-1.0,0.0026874321703971,0.0,-0.0026874321703971,stopped_no_deficit_reducing_safe_action_found,success_all_voltages_above_vmin,1.05,1.0500000000000005,4.440892098500626e-16,0.0,0.0,0.0,4.475087324056159,4.475087324056156,-2.6645352591003757e-15,6.72682355714906,6.7482014820478495,0.021377924898789757,0.0,0.0,0.0,0.0,0.0,0.0
fed_combined_load_1p25_line_128_MG3,0.9259926081157956,0.9259926081157956,0.0,9.0,9.0,0.0,0.9430000000000002,0.950147822479902,0.007147822479901866,4.0,0.0,-4.0,0.0134827079490439,0.0,-0.0134827079490439,stopped_no_deficit_reducing_safe_action_found,success_all_voltages_above_vmin,1.0499999999999998,1.05,2.220446049250313e-16,0.0,0.0,0.0,4.475087324056161,4.475087324056155,-6.217248937900877e-15,6.813833152535185,6.827190831387954,0.013357678852768728,0.0,0.0,0.0,0.0,0.0,0.0
fed_combined_load_1p25_line_129_MG3,0.9265939824758096,0.9265939824758096,0.0,9.0,9.0,0.0,0.9463866087231048,0.9501239506833764,0.003737341960271645,2.0,0.0,-2.0,0.0044419864749246,0.0,-0.0044419864749246,stopped_no_deficit_reducing_safe_action_found,success_all_voltages_above_vmin,1.05,1.0500000000000005,4.440892098500626e-16,0.0,0.0,0.0,4.475087324056156,4.475087324056156,0.0,6.733165697756811,6.756319775638888,0.023154077882076685,0.0,0.0,0.0,0.0,0.0,0.0
fed_combined_load_1p25_line_135_MG3,0.9251901911597568,0.9251901911597568,0.0,9.0,9.0,0.0,0.9464797983818616,0.950100159657272,0.003620361275410433,2.0,0.0,-2.0,0.0042865543227299,0.0,-0.0042865543227299,stopped_no_deficit_reducing_safe_action_found,success_all_voltages_above_vmin,1.05,1.05,0.0,0.0,0.0,0.0,4.475087324056162,4.475087324056159,-2.6645352591003757e-15,6.712664079065761,6.734609097776373,0.021945018710611386,0.0,0.0,0.0,0.0,0.0,0.0
fed_combined_load_1p25_line_136_MG3,0.9258262808606194,0.9258262808606194,0.0,9.0,9.0,0.0,0.9463313207741092,0.9501282262169076,0.003796905442798426,2.0,0.0,-2.0,0.0045341942224021,0.0,-0.0045341942224021,stopped_no_deficit_reducing_safe_action_found,success_all_voltages_above_vmin,1.05,1.0500000000000005,4.440892098500626e-16,0.0,0.0,0.0,4.475087324056151,4.475087324056153,1.7763568394002505e-15,6.743069709354431,6.758716910790715,0.015647201436283176,0.0,0.0,0.0,0.0,0.0,0.0
fed_combined_load_1p25_line_138_MG3,0.924861812228544,0.924861812228544,0.0,9.0,9.0,0.0,0.946328373259442,0.950097100815114,0.0037687275556720357,3.0,0.0,-3.0,0.0049434654925305,0.0,-0.0049434654925305,stopped_no_deficit_reducing_safe_action_found,success_all_voltages_above_vmin,1.05,1.0500000000000005,4.440892098500626e-16,0.0,0.0,0.0,4.475087324056157,4.47508732405616,2.6645352591003757e-15,6.695245913019532,6.734546343733001,0.039300430713469225,0.0,0.0,0.0,0.0,0.0,0.0
fed_combined_load_1p25_line_139_MG3,0.9259199112197484,0.9259199112197484,0.0,9.0,9.0,0.0,0.9465787382463586,0.950106152359652,0.003527414113293381,3.0,0.0,-3.0,0.0068839617329874,0.0,-0.0068839617329874,stopped_no_deficit_reducing_safe_action_found,success_all_voltages_above_vmin,1.05,1.05,0.0,0.0,0.0,0.0,4.475087324056161,4.475087324056157,-3.552713678800501e-15,6.768926717976327,6.753190421879738,-0.015736296096588553,0.0,0.0,0.0,0.0,0.0,0.0
fed_combined_load_1p25_line_140_MG3,0.9261126941974912,0.9261126941974912,0.0,9.0,9.0,0.0,0.9485339114276984,0.9501075635933393,0.0015736521656408708,1.0,0.0,-1.0,0.0014660885723014,0.0,-0.0014660885723014,stopped_no_deficit_reducing_safe_action_found,success_all_voltages_above_vmin,1.05,1.0500000000000005,4.440892098500626e-16,0.0,0.0,0.0,4.475087324056156,4.475087324056164,7.993605777301127e-15,6.750778788196336,6.748804886854335,-0.001973901342001483,0.0,0.0,0.0,0.0,0.0,0.0
fed_combined_load_1p25_line_165_MG1,0.9266686870390416,0.9266686870390416,0.0,9.0,9.0,0.0,0.9507944489391228,0.9508062096019264,1.1760662803617095e-05,0.0,0.0,0.0,0.0,0.0,0.0,success_all_voltages_above_vmin,success_all_voltages_above_vmin,1.05,1.0500000000000005,4.440892098500626e-16,0.0,0.0,0.0,4.47508732405616,4.47508732405616,0.0,6.723217788598405,6.742938885634511,0.019721097036105917,0.0,0.0,0.0,0.0,0.0,0.0
fed_combined_load_1p25_line_166_MG2,0.9270057723547986,0.9270057723547986,0.0,9.0,9.0,0.0,0.946189511226711,0.9507274192843383,0.004537908057627327,2.0,0.0,-2.0,0.0047770627537178,0.0,-0.0047770627537178,stopped_no_deficit_reducing_safe_action_found,success_all_voltages_above_vmin,1.05,1.05,0.0,0.0,0.0,0.0,4.475087324056159,4.475087324056156,-2.6645352591003757e-15,6.747787837991839,6.768694377074977,0.020906539083137332,0.0,0.0,0.0,0.0,0.0,0.0
fed_combined_load_1p25_line_167_MG2,0.9269204556785804,0.9269204556785804,0.0,9.0,9.0,0.0,0.9516742900864128,0.9500611919951026,-0.0016130980913101611,0.0,0.0,0.0,0.0,0.0,0.0,success_all_voltages_above_vmin,success_all_voltages_above_vmin,1.05,1.0500000000000005,4.440892098500626e-16,0.0,0.0,0.0,4.475087324056159,4.47508732405616,8.881784197001252e-16,6.752333762337198,6.767494432279064,0.015160669941866267,0.0,0.0,0.0,0.0,0.0,0.0
fed_combined_load_1p25_line_168_MG1,0.926659116067112,0.926659116067112,0.0,11.0,11.0,0.0,0.9497786876639164,0.9508052475378472,0.0010265598739308546,1.0,0.0,-1.0,0.0002213123360834,0.0,-0.0002213123360834,stopped_no_deficit_reducing_safe_action_found,success_all_voltages_above_vmin,1.05,1.0500000000000005,4.440892098500626e-16,0.0,0.0,0.0,4.475087324056156,4.475087324056156,0.0,6.725793825369146,6.743639814819921,0.01784598945077498,0.0,0.0,0.0,0.0,0.0,0.0
fed_combined_load_1p25_line_170_MG1,0.9275773724577888,0.9275773724577888,0.0,9.0,9.0,0.0,0.9477807739795242,0.9508780130975032,0.0030972391179789893,1.0,0.0,-1.0,,0.0,,stopped_no_deficit_reducing_safe_action_found,success_all_voltages_above_vmin,1.05,1.05,0.0,0.0,0.0,0.0,4.475087324056158,4.475087324056156,-1.7763568394002505e-15,6.559557880434539,6.582416795659437,0.022858915224897913,0.0,0.0,0.0,0.0,0.0,0.0
fed_combined_load_1p25_line_171_MG3,0.8068130959715369,0.8068130959715369,0.0,7.0,7.0,0.0,0.9484525979771758,0.9505446262509244,0.0020920282737485474,1.0,0.0,-1.0,0.0015474020228241,0.0,-0.0015474020228241,stopped_no_deficit_reducing_safe_action_found,success_all_voltages_above_vmin,1.05,1.0500000000000005,4.440892098500626e-16,0.0,0.0,0.0,4.475087324056159,4.475087324056151,-7.993605777301127e-15,6.957285842000167,6.972855043703419,0.0155692017032516,0.0,0.0,0.0,0.0,0.0,0.0
fed_combined_load_1p25_line_172_MG3,0.9167433849964332,0.9167433849964332,0.0,9.0,9.0,0.0,0.9430626642645896,0.9463571929793408,0.0032945287147512214,5.0,2.0,-3.0,0.0184448275674785,0.0068277918720431,-0.011617035695435398,stopped_no_deficit_reducing_safe_action_found,stopped_max_iterations_reached,1.05,1.0500000000000005,4.440892098500626e-16,0.0,0.0,0.0,4.475087324056156,4.47508732405616,3.552713678800501e-15,6.832929239329884,6.8394778152736935,0.0065485759438095315,0.0,0.0,0.0,0.0,0.0,0.0
fed_combined_load_1p25_line_35_MG1,0.9264457956952802,0.9264457956952802,0.0,9.0,9.0,0.0,0.94831654250976,0.9508142379294028,0.0024976954196427315,2.0,0.0,-2.0,0.0025164490346886,0.0,-0.0025164490346886,stopped_no_deficit_reducing_safe_action_found,success_all_voltages_above_vmin,1.0499999999999998,1.0500000000000005,6.661338147750939e-16,0.0,0.0,0.0,4.475087324056153,4.475087324056158,5.329070518200751e-15,6.75291384060843,6.736826856694893,-0.0160869839135378,0.0,0.0,0.0,0.0,0.0,0.0
fed_combined_load_1p25_line_36_MG1,0.9266266207473556,0.9266266207473556,0.0,11.0,11.0,0.0,0.9381631796788024,0.9508074364927896,0.012644256813987287,5.0,0.0,-5.0,0.0239039316389637,0.0,-0.0239039316389637,stopped_no_deficit_reducing_safe_action_found,success_all_voltages_above_vmin,1.05,1.05,0.0,0.0,0.0,0.0,4.47508732405616,4.475087324056155,-5.329070518200751e-15,6.715753558553674,6.741872979154145,0.026119420600471344,0.0,0.0,0.0,0.0,0.0,0.0
fed_combined_load_1p25_line_37_MG1,0.9284053937475478,0.9284053937475478,0.0,9.0,9.0,0.0,0.9407076104145576,0.9501427079158054,0.009435097501247713,2.0,0.0,-2.0,0.0144997327675359,0.0,-0.0144997327675359,stopped_no_deficit_reducing_safe_action_found,success_all_voltages_above_vmin,1.05,1.0500000000000005,4.440892098500626e-16,0.0,0.0,0.0,4.47508732405616,4.475087324056155,-5.329070518200751e-15,6.898528231848886,6.914544498800121,0.016016266951234925,0.0,0.0,0.0,0.0,0.0,0.0
fed_combined_load_1p25_line_39_MG1,0.926672501701286,0.926672501701286,0.0,9.0,9.0,0.0,0.9497687414941524,0.9508060073681408,0.0010372658739884466,1.0,0.0,-1.0,0.0002312585058474,0.0,-0.0002312585058474,stopped_no_deficit_reducing_safe_action_found,success_all_voltages_above_vmin,1.05,1.05,0.0,0.0,0.0,0.0,4.475087324056157,4.475087324056156,-8.881784197001252e-16,6.745214001369266,6.742769252278652,-0.0024447490906140956,0.0,0.0,0.0,0.0,0.0,0.0
fed_combined_load_1p25_line_40_MG1,0.9265486923686987,0.9265486923686987,0.0,9.0,9.0,0.0,0.9500002489665632,0.9508189848267778,0.0008187358602146366,0.0,0.0,0.0,0.0,0.0,0.0,success_all_voltages_above_vmin,success_all_voltages_above_vmin,1.0500000000000005,1.0500000000000005,0.0,1.0,0.0,-1.0,4.475087324056157,4.475087324056157,0.0,6.715726086412223,6.7377898639358405,0.022063777523617212,0.0,0.0,0.0,0.0,0.0,0.0
fed_combined_load_1p25_line_41_MG1,0.9263893491450728,0.9263893491450728,0.0,9.0,9.0,0.0,0.950269656132078,0.9508342776783976,0.0005646215463195325,0.0,0.0,0.0,0.0,0.0,0.0,success_all_voltages_above_vmin,success_all_voltages_above_vmin,1.05,1.05,0.0,0.0,0.0,0.0,4.475087324056162,4.475087324056155,-7.105427357601002e-15,6.708937886710513,6.732469600368134,0.02353171365762119,0.0,0.0,0.0,0.0,0.0,0.0
fed_combined_load_1p25_line_49_MG1,0.9041094536198716,0.9041094536198716,0.0,10.0,10.0,0.0,0.9460575093171256,0.950436155209552,0.004378645892426425,2.0,0.0,-2.0,0.0049767849533461,0.0,-0.0049767849533461,stopped_no_deficit_reducing_safe_action_found,success_all_voltages_above_vmin,1.05,1.05,0.0,0.0,0.0,0.0,4.475087324056163,4.475087324056157,-5.329070518200751e-15,6.658086297014755,6.66828073364578,0.010194436631024928,0.0,0.0,0.0,0.0,0.0,0.0
fed_combined_load_1p25_line_84_MG2,0.9269180003694104,0.9269180003694104,0.0,9.0,9.0,0.0,0.9460714561279876,0.9503933915187504,0.0043219353907627545,3.0,0.0,-3.0,0.0087697404769069,0.0,-0.0087697404769069,stopped_no_deficit_reducing_safe_action_found,success_all_voltages_above_vmin,1.05,1.05,0.0,0.0,0.0,0.0,4.47508732405616,4.475087324056162,1.7763568394002505e-15,6.721576834816516,6.754449960633847,0.03287312581733115,0.0,0.0,0.0,0.0,0.0,0.0
fed_combined_load_1p25_line_85_MG2,0.9268911072204882,0.9268911072204882,0.0,9.0,9.0,0.0,0.9519999999999998,0.950611144770645,-0.001388855229354835,0.0,0.0,0.0,0.0,0.0,0.0,success_all_voltages_above_vmin,success_all_voltages_above_vmin,1.05,1.0500000000000005,4.440892098500626e-16,0.0,0.0,0.0,4.475087324056156,4.475087324056159,2.6645352591003757e-15,6.744636108424172,6.768664552128143,0.024028443703971725,0.0,0.0,0.0,0.0,0.0,0.0
fed_combined_load_1p25_line_86_MG2,0.926923126267576,0.926923126267576,0.0,9.0,9.0,0.0,0.9501338876262312,0.9500580547448008,-7.583288143042655e-05,0.0,0.0,0.0,0.0,0.0,0.0,success_all_voltages_above_vmin,success_all_voltages_above_vmin,1.05,1.0500000000000005,4.440892098500626e-16,0.0,0.0,0.0,4.475087324056159,4.475087324056164,5.329070518200751e-15,6.743310213192688,6.766503728062584,0.02319351486989607,0.0,0.0,0.0,0.0,0.0,0.0
fed_combined_load_1p25_line_89_MG2,0.8284672890622602,0.8284672890622602,0.0,21.0,21.0,0.0,0.9399286895203656,0.950227691325557,0.010299001805191388,5.0,0.0,-5.0,0.0232289424104454,0.0,-0.0232289424104454,stopped_no_deficit_reducing_safe_action_found,success_all_voltages_above_vmin,1.05,1.05,0.0,0.0,0.0,0.0,4.475087324056166,4.475087324056167,8.881784197001252e-16,6.219000273004828,6.20192643883666,-0.01707383416816821,0.0,0.0,0.0,0.0,0.0,0.0
fed_combined_load_1p25_line_91_MG2,0.9268872488290876,0.9268872488290876,0.0,9.0,9.0,0.0,0.9481854665532256,0.950949156835248,0.0027636902820225018,2.0,0.0,-2.0,0.0033183978229878,0.0,-0.0033183978229878,stopped_no_deficit_reducing_safe_action_found,success_all_voltages_above_vmin,1.05,1.05,0.0,0.0,0.0,0.0,4.475087324056163,4.475087324056156,-6.217248937900877e-15,6.600079165047871,6.5781493431443465,-0.021929821903524882,0.0,0.0,0.0,0.0,0.0,0.0
fed_combined_load_1p25_line_92_MG2,0.9268872488290876,0.9268872488290876,0.0,9.0,9.0,0.0,0.9481854665532256,0.950949156835248,0.0027636902820225018,2.0,0.0,-2.0,0.0033183978229878,0.0,-0.0033183978229878,stopped_no_deficit_reducing_safe_action_found,success_all_voltages_above_vmin,1.05,1.05,0.0,0.0,0.0,0.0,4.475087324056163,4.475087324056156,-6.217248937900877e-15,6.600079165047871,6.5781493431443465,-0.021929821903524882,0.0,0.0,0.0,0.0,0.0,0.0
fed_combined_load_1p25_line_96_MG2,0.9246674596253028,0.9246674596253028,0.0,9.0,9.0,0.0,0.945346283662212,0.950156479806726,0.004810196144514056,2.0,0.0,-2.0,0.0061753666856038,0.0,-0.0061753666856038,stopped_no_deficit_reducing_safe_action_found,success_all_voltages_above_vmin,1.0499999999999998,1.05,2.220446049250313e-16,0.0,0.0,0.0,4.475087324056155,4.475087324056149,-5.329070518200751e-15,7.675806059114038,7.695825256057947,0.020019196943909634,0.0,0.0,0.0,0.0,0.0,0.0
fed_combined_load_1p25_line_97_MG2,0.9249321967790266,0.9249321967790266,0.0,9.0,9.0,0.0,0.9508851197003592,0.9504169134260586,-0.0004682062743005533,0.0,0.0,0.0,0.0,0.0,0.0,success_all_voltages_above_vmin,success_all_voltages_above_vmin,1.05,1.05,0.0,0.0,0.0,0.0,4.475087324056155,4.475087324056158,3.552713678800501e-15,7.5993189092403854,7.61783621141693,0.018517302176544348,0.0,0.0,0.0,0.0,0.0,0.0
fed_combined_load_1p25_line_99_MG1,0.9291715450659814,0.9291715450659814,0.0,8.0,8.0,0.0,0.9483434051580812,0.95056425386424,0.0022208487061587956,1.0,0.0,-1.0,0.0016565948419188,0.0,-0.0016565948419188,stopped_no_deficit_reducing_safe_action_found,success_all_voltages_above_vmin,1.05,1.0500000000000005,4.440892098500626e-16,0.0,0.0,0.0,4.475087324056161,4.475087324056156,-4.440892098500626e-15,6.94763558722056,6.967066997223675,0.01943141000311499,0.0,0.0,0.0,0.0,0.0,0.0
fed_combined_load_1p35_line_101_MG1,0.89851564104583,0.89851564104583,0.0,16.0,16.0,0.0,0.949659965459968,0.9511159771848172,0.0014560117248492155,1.0,0.0,-1.0,0.000340034540032,0.0,-0.000340034540032,stopped_no_deficit_reducing_safe_action_found,success_all_voltages_above_vmin,1.05,1.05,0.0,0.0,0.0,0.0,4.78774710056884,4.796334597511409,0.008587496942569217,9.485600715630294,9.514508633353218,0.02890791772292367,0.0,0.0,0.0,0.0,0.0,0.0
fed_combined_load_1p35_line_127_MG3,0.8971507448855306,0.8971507448855306,0.0,15.0,15.0,0.0,0.9407323550124176,0.9500059627860816,0.009273607773664039,3.0,0.0,-3.0,0.0154722750691165,0.0,-0.0154722750691165,stopped_no_deficit_reducing_safe_action_found,success_all_voltages_above_vmin,1.05,1.05,0.0,0.0,0.0,0.0,4.475087324056158,4.475087324056156,-1.7763568394002505e-15,9.239094004100656,9.281787324222288,0.04269332012163218,0.0,0.0,0.0,0.0,0.0,0.0
fed_combined_load_1p35_line_128_MG3,0.8940973193215679,0.8940973193215679,0.0,17.0,17.0,0.0,0.9409356620134764,0.9500060479576972,0.009070385944220716,4.0,0.0,-4.0,0.0227332360100127,0.0,-0.0227332360100127,stopped_no_deficit_reducing_safe_action_found,success_all_voltages_above_vmin,1.05,1.05,0.0,0.0,0.0,0.0,4.475087324056163,4.475087324056166,3.552713678800501e-15,9.358109471063894,9.365452195579522,0.007342724515627452,0.0,0.0,0.0,0.0,0.0,0.0
fed_combined_load_1p35_line_129_MG3,0.8968652407164702,0.8968652407164702,0.0,15.0,15.0,0.0,0.9365083333148664,0.9500059750924345,0.01349764177756807,5.0,0.0,-5.0,0.0315660644013287,0.0,-0.0315660644013287,stopped_no_deficit_reducing_safe_action_found,success_all_voltages_above_vmin,1.05,1.0500000000000005,4.440892098500626e-16,0.0,0.0,0.0,4.475087324056156,4.47508732405615,-6.217248937900877e-15,9.287481987748777,9.29037758772671,0.0028955999779327612,0.0,0.0,0.0,0.0,0.0,0.0
fed_combined_load_1p35_line_135_MG3,0.8958112279271675,0.8958112279271675,0.0,16.0,16.0,0.0,0.9386968894094244,0.9500058920928798,0.01130900268345536,4.0,0.0,-4.0,0.0249458627680683,0.0,-0.0249458627680683,stopped_no_deficit_reducing_safe_action_found,success_all_voltages_above_vmin,1.05,1.0500000000000005,4.440892098500626e-16,0.0,0.0,0.0,4.47508732405615,4.475087324056162,1.1546319456101628e-14,9.216712824097687,9.273933726592883,0.05722090249519596,0.0,0.0,0.0,0.0,0.0,0.0
fed_combined_load_1p35_line_136_MG3,0.8958742286875465,0.8958742286875465,0.0,15.0,15.0,0.0,0.9412121802222908,0.9500059930579716,0.008793812835680814,4.0,0.0,-4.0,0.0201408196104282,0.0,-0.0201408196104282,stopped_no_deficit_reducing_safe_action_found,success_all_voltages_above_vmin,1.05,1.0500000000000005,4.440892098500626e-16,0.0,0.0,0.0,4.475087324056157,4.47508732405616,2.6645352591003757e-15,9.306872885567993,9.29905891541692,-0.00781397015107288,0.0,0.0,0.0,0.0,0.0,0.0
fed_combined_load_1p35_line_138_MG3,0.895693360959099,0.895693360959099,0.0,20.0,20.0,0.0,0.9382482141089232,0.9500058842477777,0.011757670138854426,9.0,0.0,-9.0,0.0437006225293972,0.0,-0.0437006225293972,stopped_no_deficit_reducing_safe_action_found,success_all_voltages_above_vmin,1.05,1.0500000000000005,4.440892098500626e-16,0.0,0.0,0.0,4.475087324056156,4.475087324056157,8.881784197001252e-16,9.261581533179262,9.27310587793678,0.011524344757518179,0.0,0.0,0.0,0.0,0.0,0.0
fed_combined_load_1p35_line_139_MG3,0.8953127947133023,0.8953127947133023,0.0,17.0,17.0,0.0,0.9396875578318684,0.950005928909052,0.010318371077183586,6.0,0.0,-6.0,0.0339077748009766,0.0,-0.0339077748009766,stopped_no_deficit_reducing_safe_action_found,success_all_voltages_above_vmin,1.05,1.05,0.0,0.0,0.0,0.0,4.475087324056157,4.475087324056163,5.329070518200751e-15,9.287169923514988,9.310140613217314,0.022970689702326297,0.0,0.0,0.0,0.0,0.0,0.0
fed_combined_load_1p35_line_140_MG3,0.8944331004611432,0.8944331004611432,0.0,16.0,16.0,0.0,0.939861553627648,0.9500059157411036,0.010144362113455596,4.0,0.0,-4.0,0.0238447691575025,0.0,-0.0238447691575025,stopped_no_deficit_reducing_safe_action_found,success_all_voltages_above_vmin,1.05,1.05,0.0,0.0,0.0,0.0,4.475087324056156,4.475087324056155,-1.7763568394002505e-15,9.282432376969997,9.299665551245225,0.01723317427522808,0.0,0.0,0.0,0.0,0.0,0.0
fed_combined_load_1p35_line_165_MG1,0.8975750783002086,0.8975750783002086,0.0,16.0,16.0,0.0,0.9404859931948496,0.9500135476617332,0.009527554466883581,4.0,0.0,-4.0,0.0283180781412706,0.0,-0.0283180781412706,stopped_no_deficit_reducing_safe_action_found,success_all_voltages_above_vmin,1.05,1.0500000000000005,4.440892098500626e-16,0.0,0.0,0.0,4.526699275522582,4.506806416215068,-0.0198928593075145,9.290188594992792,9.275491031588302,-0.014697563404489244,0.0,0.0,0.0,0.0,0.0,0.0
fed_combined_load_1p35_line_166_MG2,0.8982373967514735,0.8982373967514735,0.0,15.0,15.0,0.0,0.9396171759585092,0.9500065767845504,0.010389400826041117,3.0,0.0,-3.0,0.0249559524334177,0.0,-0.0249559524334177,stopped_no_deficit_reducing_safe_action_found,success_all_voltages_above_vmin,1.05,1.0500000000000005,4.440892098500626e-16,0.0,0.0,0.0,4.475087324056158,4.475087324056156,-1.7763568394002505e-15,9.283989670781336,9.29940170617957,0.015412035398233215,0.0,0.0,0.0,0.0,0.0,0.0
fed_combined_load_1p35_line_167_MG2,0.8980536141796666,0.8980536141796666,0.0,15.0,15.0,0.0,0.9346602372015628,0.9500041949342344,0.01534395773267161,8.0,0.0,-8.0,0.0750119176808501,0.0,-0.0750119176808501,stopped_no_deficit_reducing_safe_action_found,success_all_voltages_above_vmin,1.05,1.0500000000000005,4.440892098500626e-16,0.0,0.0,0.0,4.475087324056149,4.47508732405616,1.0658141036401503e-14,9.312781899410655,9.299647994902504,-0.013133904508151772,0.0,0.0,0.0,0.0,0.0,0.0
fed_combined_load_1p35_line_168_MG1,0.8975545030054425,0.8975545030054425,0.0,17.0,17.0,0.0,0.9402920214859224,0.9500808403845225,0.00978881889860006,6.0,0.0,-6.0,0.0294051936328437,0.0,-0.0294051936328437,stopped_no_deficit_reducing_safe_action_found,success_all_voltages_above_vmin,1.05,1.05,0.0,0.0,0.0,0.0,4.496964433892038,4.510326214449299,0.013361780557261227,9.237991901469284,9.279277031462852,0.04128512999356815,0.0,0.0,0.0,0.0,0.0,0.0
fed_combined_load_1p35_line_170_MG1,0.8997228882748837,0.8997228882748837,0.0,14.0,14.0,0.0,0.9365678477294488,0.950194633316213,0.013626785586764223,3.0,0.0,-3.0,,0.0,,stopped_no_deficit_reducing_safe_action_found,success_all_voltages_above_vmin,1.05,1.05,0.0,0.0,0.0,0.0,4.475087324056156,4.475087324056163,6.217248937900877e-15,9.076394939079409,9.089026596247852,0.012631657168443056,0.0,0.0,0.0,0.0,0.0,0.0
fed_combined_load_1p35_line_171_MG3,0.7273865304447327,0.7273865304447327,0.0,17.0,17.0,0.0,0.9386109488410036,0.950007143963047,0.011396195122043373,5.0,0.0,-5.0,0.0306213251378296,0.0,-0.0306213251378296,stopped_no_deficit_reducing_safe_action_found,success_all_voltages_above_vmin,1.05,1.0500000000000005,4.440892098500626e-16,0.0,0.0,0.0,4.475087324056159,4.475087324056156,-2.6645352591003757e-15,9.550259237029865,9.57970555996152,0.029446322931654834,0.0,0.0,0.0,0.0,0.0,0.0
fed_combined_load_1p35_line_172_MG3,0.884434237471361,0.884434237471361,0.0,15.0,15.0,0.0,0.9373867011946276,0.9500066940156792,0.012619992821051529,7.0,0.0,-7.0,0.0456073464467569,0.0,-0.0456073464467569,stopped_no_deficit_reducing_safe_action_found,success_all_voltages_above_vmin,1.05,1.0500000000000005,4.440892098500626e-16,0.0,0.0,0.0,4.475087324056156,4.47508732405615,-6.217248937900877e-15,9.377214714131368,9.39598375871176,0.018769044580391636,0.0,0.0,0.0,0.0,0.0,0.0
fed_combined_load_1p35_line_35_MG1,0.8971887175389125,0.8971887175389125,0.0,15.0,15.0,0.0,0.934664618026342,0.9500745240860532,0.015409906059711154,4.0,0.0,-4.0,0.0293645677184065,0.0,-0.0293645677184065,stopped_no_deficit_reducing_safe_action_found,success_all_voltages_above_vmin,1.05,1.05,0.0,0.0,0.0,0.0,4.500619996520505,4.496992712866136,-0.003627283654368263,9.210836393195438,9.269145582830282,0.058309189634844216,0.0,0.0,0.0,0.0,0.0,0.0
fed_combined_load_1p35_line_36_MG1,0.897492755711725,0.897492755711725,0.0,17.0,17.0,0.0,0.9394435628847536,0.9511100911641556,0.011666528279401955,5.0,0.0,-5.0,0.0347401725258736,0.0,-0.0347401725258736,stopped_no_deficit_reducing_safe_action_found,success_all_voltages_above_vmin,1.05,1.05,0.0,0.0,0.0,0.0,4.528200078324217,4.507955162886898,-0.020244915437319655,9.268574233622852,9.27629607809001,0.007721844467157624,0.0,0.0,0.0,0.0,0.0,0.0
fed_combined_load_1p35_line_37_MG1,0.9002571281697948,0.9002571281697948,0.0,18.0,18.0,0.0,0.9380226952385003,0.9514001581739449,0.013377462935444506,3.0,0.0,-3.0,0.016728897370864,0.0,-0.016728897370864,stopped_no_deficit_reducing_safe_action_found,success_all_voltages_above_vmin,1.05,1.05,0.0,0.0,0.0,0.0,4.732452945161633,4.741205387148844,0.00875244198721159,9.489316312775902,9.480801644363265,-0.00851466841263715,0.0,0.0,0.0,0.0,0.0,0.0
fed_combined_load_1p35_line_39_MG1,0.8975828805429477,0.8975828805429477,0.0,15.0,15.0,0.0,0.940487507978652,0.9501107437579684,0.009623235779316452,5.0,0.0,-5.0,0.0238134779456605,0.0,-0.0238134779456605,stopped_no_deficit_reducing_safe_action_found,success_all_voltages_above_vmin,1.05,1.0500000000000005,4.440892098500626e-16,0.0,0.0,0.0,4.511261210602802,4.509661012293989,-0.0016001983088127503,9.26148734326389,9.278330199986366,0.01684285672247654,0.0,0.0,0.0,0.0,0.0,0.0
fed_combined_load_1p35_line_40_MG1,0.8972289788680738,0.8972289788680738,0.0,16.0,16.0,0.0,0.9409470817827742,0.9513188908805325,0.010371809097758256,4.0,0.0,-4.0,0.0198977479649423,0.0,-0.0198977479649423,stopped_no_deficit_reducing_safe_action_found,success_all_voltages_above_vmin,1.05,1.05,0.0,0.0,0.0,0.0,4.502730902241623,4.509247376659398,0.006516474417774809,9.2694124989268,9.268403217665544,-0.0010092812612558788,0.0,0.0,0.0,0.0,0.0,0.0
fed_combined_load_1p35_line_41_MG1,0.896919988022324,0.896919988022324,0.0,16.0,16.0,0.0,0.939258874844294,0.9506967746420548,0.011437899797760775,3.0,0.0,-3.0,0.0233908096619296,0.0,-0.0233908096619296,stopped_no_deficit_reducing_safe_action_found,success_all_voltages_above_vmin,1.05,1.0500000000000005,4.440892098500626e-16,0.0,0.0,0.0,4.479125120259273,4.514214468127261,0.035089347867988785,9.249515562839257,9.2644644961801,0.01494893334084324,0.0,0.0,0.0,0.0,0.0,0.0
fed_combined_load_1p35_line_49_MG1,0.8672168568007674,0.8672168568007674,0.0,24.0,24.0,0.0,0.9402752739589912,0.950054480118866,0.00977920615987471,6.0,0.0,-6.0,0.0250916661924559,0.0,-0.0250916661924559,stopped_no_deficit_reducing_safe_action_found,success_all_voltages_above_vmin,1.05,1.0500000000000005,4.440892098500626e-16,0.0,0.0,0.0,4.475087324056155,4.475087324056161,6.217248937900877e-15,9.119463815814616,9.171043699477485,0.051579883662869364,0.0,0.0,0.0,0.0,0.0,0.0
fed_combined_load_1p35_line_84_MG2,0.8980466054518528,0.8980466054518528,0.0,15.0,15.0,0.0,0.9406795837230636,0.9500027658169814,0.009323182093917803,5.0,0.0,-5.0,0.0342583944518798,0.0,-0.0342583944518798,stopped_no_deficit_reducing_safe_action_found,success_all_voltages_above_vmin,1.05,1.0500000000000005,4.440892098500626e-16,0.0,0.0,0.0,4.475087324056163,4.475087324056166,3.552713678800501e-15,9.280762421305148,9.286269328191722,0.005506906886573404,0.0,0.0,0.0,0.0,0.0,0.0
fed_combined_load_1p35_line_85_MG2,0.8979743362157987,0.8979743362157987,0.0,15.0,15.0,0.0,0.9403594633805006,0.950002961288813,0.009643497908312426,4.0,0.0,-4.0,0.0290702365281994,0.0,-0.0290702365281994,stopped_no_deficit_reducing_safe_action_found,success_all_voltages_above_vmin,1.05,1.05,0.0,0.0,0.0,0.0,4.475087324056163,4.475087324056161,-1.7763568394002505e-15,9.27215507345806,9.304099165969278,0.03194409251121755,0.0,0.0,0.0,0.0,0.0,0.0
fed_combined_load_1p35_line_86_MG2,0.8980646357351022,0.8980646357351022,0.0,15.0,15.0,0.0,0.9414472845473302,0.9500046873647724,0.008557402817442217,1.0,0.0,-1.0,0.0085527154526697,0.0,-0.0085527154526697,stopped_no_deficit_reducing_safe_action_found,success_all_voltages_above_vmin,1.05,1.0499999999999998,-2.220446049250313e-16,0.0,0.0,0.0,4.475087324056164,4.47508732405615,-1.4210854715202004e-14,9.293711400908364,9.298071621242084,0.004360220333719411,0.0,0.0,0.0,0.0,0.0,0.0
fed_combined_load_1p35_line_91_MG2,0.8979605487554452,0.8979605487554452,0.0,16.0,16.0,0.0,0.9430000000000002,0.9500200900935084,0.0070200900935082355,2.0,0.0,-2.0,0.008027961385666,0.0,-0.008027961385666,stopped_no_deficit_reducing_safe_action_found,success_all_voltages_above_vmin,1.05,1.05,0.0,0.0,0.0,0.0,4.600742543376368,4.619110823134927,0.018368279758559147,9.111558464601828,9.120679803840646,0.009121339238818749,0.0,0.0,0.0,0.0,0.0,0.0
fed_combined_load_1p35_line_92_MG2,0.8979605487554452,0.8979605487554452,0.0,16.0,16.0,0.0,0.9430000000000002,0.9500200900935084,0.0070200900935082355,2.0,0.0,-2.0,0.008027961385666,0.0,-0.008027961385666,stopped_no_deficit_reducing_safe_action_found,success_all_voltages_above_vmin,1.05,1.05,0.0,0.0,0.0,0.0,4.600742543376368,4.619110823134927,0.018368279758559147,9.111558464601828,9.120679803840646,0.009121339238818749,0.0,0.0,0.0,0.0,0.0,0.0
fed_combined_load_1p35_line_96_MG2,0.8912719929426037,0.8912719929426037,0.0,16.0,16.0,0.0,0.941633195056978,0.950010265080016,0.008377070023038002,2.0,0.0,-2.0,0.0100148191959211,0.0,-0.0100148191959211,stopped_no_deficit_reducing_safe_action_found,success_all_voltages_above_vmin,1.05,1.05,0.0,0.0,0.0,0.0,4.550160562112296,4.551555166303099,0.0013946041908026174,10.471463709570392,10.518097799298552,0.04663408972816008,0.0,0.0,0.0,0.0,0.0,0.0
fed_combined_load_1p35_line_97_MG2,0.8920163329395808,0.8920163329395808,0.0,14.0,14.0,0.0,0.9465125795853622,0.9500168362049726,0.003504256619610402,1.0,0.0,-1.0,0.0034874204146377,0.0,-0.0034874204146377,stopped_no_deficit_reducing_safe_action_found,success_all_voltages_above_vmin,1.05,1.05,0.0,0.0,0.0,0.0,4.5116272633979895,4.513559147116951,0.0019318837189619131,10.373685390381658,10.417980229528473,0.04429483914681498,0.0,0.0,0.0,0.0,0.0,0.0
fed_combined_load_1p35_line_99_MG1,0.9018540411138668,0.9018540411138668,0.0,16.0,16.0,0.0,0.9441458621691255,0.9500438385407184,0.005897976371592839,3.0,0.0,-3.0,0.0091289959527638,0.0,-0.0091289959527638,stopped_no_deficit_reducing_safe_action_found,success_all_voltages_above_vmin,1.05,1.05,0.0,0.0,0.0,0.0,4.881165370710999,4.893701416229687,0.012536045518688255,9.551807474477734,9.610565787972645,0.05875831349491101,0.0,0.0,0.0,0.0,0.0,0.0
fed_combined_load_1p5_line_101_MG1,0.7962398095319806,0.7962398095319806,0.0,61.0,61.0,0.0,0.8713328327048667,0.8758308242412164,0.004497991536349666,38.0,36.0,-2.0,0.749422748177033,0.589531102694998,-0.15989164548203505,stopped_no_deficit_reducing_safe_action_found,stopped_max_iterations_reached,1.05,1.05,0.0,0.0,0.0,0.0,6.4598436768172975,6.494634122439648,0.034790445622350674,14.210356445443423,14.246863832652863,0.03650738720943991,0.0,0.0,0.0,0.0,0.0,0.0
fed_combined_load_1p5_line_127_MG3,0.7930057825838879,0.7930057825838879,0.0,55.0,55.0,0.0,0.92697729881701,0.9244591773956932,-0.002518121421316799,21.0,28.0,7.0,0.2235644060222825,0.3068046819373939,0.0832402759151114,stopped_no_deficit_reducing_safe_action_found,stopped_max_iterations_reached,1.05,1.0500000000000005,4.440892098500626e-16,0.0,0.0,0.0,5.735817740008853,5.757271809639748,0.021454069630895134,13.518330920706942,13.7156130637338,0.19728214302685743,0.0,0.0,0.0,0.0,0.0,0.0
fed_combined_load_1p5_line_128_MG3,0.7832867726808782,0.7832867726808782,0.0,60.0,60.0,0.0,0.9135165176801856,0.9218715500128504,0.008355032332664769,27.0,15.0,-12.0,0.4047832408172859,0.152627675810226,-0.25215556500705993,stopped_no_deficit_reducing_safe_action_found,stopped_max_iterations_reached,1.05,1.0500000000000005,4.440892098500626e-16,0.0,0.0,0.0,5.720453316845235,5.767757105483218,0.04730378863798279,13.6357800729228,13.7805153554295,0.14473528250669965,0.0,0.0,0.0,0.0,0.0,0.0
fed_combined_load_1p5_line_129_MG3,0.7921942302948268,0.7921942302948268,0.0,57.0,57.0,0.0,0.9045013912917922,0.9244754253200376,0.01997403402824538,25.0,26.0,1.0,0.296901427160108,0.3295353132901832,0.03263388613007523,stopped_no_deficit_reducing_safe_action_found,stopped_max_iterations_reached,1.05,1.0500000000000005,4.440892098500626e-16,0.0,0.0,0.0,5.805232030172672,5.776695824960866,-0.028536205211805665,13.596973532782176,13.745028243155916,0.1480547103737404,0.0,0.0,0.0,0.0,0.0,0.0
fed_combined_load_1p5_line_135_MG3,0.7844470074852558,0.7844470074852558,0.0,58.0,58.0,0.0,0.921594810455158,0.9224853385548092,0.0008905280996511777,16.0,17.0,1.0,0.2083656183540785,0.1764069342244094,-0.031958684129669096,stopped_no_deficit_reducing_safe_action_found,stopped_max_iterations_reached,1.05,1.0500000000000005,4.440892098500626e-16,0.0,0.0,0.0,5.761876930897506,5.7746022715602345,0.01272534066272879,13.57181852486,13.70373390843975,0.1319153835797504,0.0,0.0,0.0,0.0,0.0,0.0
fed_combined_load_1p5_line_136_MG3,0.7908611099782252,0.7908611099782252,0.0,55.0,55.0,0.0,0.9230264521625288,0.9220741922434204,-0.0009522599191084113,16.0,19.0,3.0,0.2057309091140956,0.1622311311612995,-0.04349977795279611,stopped_max_iterations_reached,stopped_max_iterations_reached,1.05,1.05,0.0,0.0,0.0,0.0,5.7302984879258965,5.763581330355358,0.03328284242946111,13.583693867246264,13.682521860196037,0.09882799294977218,0.0,0.0,0.0,0.0,0.0,0.0
fed_combined_load_1p5_line_138_MG3,0.7826906364493897,0.7826906364493897,0.0,59.0,59.0,0.0,0.9117961396951272,0.9216885257474428,0.009892386052315572,21.0,21.0,0.0,0.2849754411884039,0.2115658563364728,-0.07340958485193111,stopped_no_deficit_reducing_safe_action_found,stopped_max_iterations_reached,1.05,1.0500000000000005,4.440892098500626e-16,0.0,0.0,0.0,5.75526085465863,5.774704572888269,0.019443718229639195,13.460929275843204,13.72476502780819,0.26383575196498477,0.0,0.0,0.0,0.0,0.0,0.0
fed_combined_load_1p5_line_139_MG3,0.768981060647516,0.768981060647516,0.0,61.0,61.0,0.0,0.9277665472838406,0.921672094384922,-0.006094452898918523,16.0,21.0,5.0,0.1893859059521178,0.194955490204668,0.005569584252550219,stopped_max_iterations_reached,stopped_max_iterations_reached,1.05,1.0500000000000005,4.440892098500626e-16,0.0,0.0,0.0,5.774953098439786,5.773915844338849,-0.001037254100936913,13.73450827043644,13.793710180185052,0.05920190974861228,0.0,0.0,0.0,0.0,0.0,0.0
fed_combined_load_1p5_line_140_MG3,0.7639102758503381,0.7639102758503381,0.0,62.0,62.0,0.0,0.9229814503851372,0.9247190480755272,0.001737597690389947,23.0,24.0,1.0,0.3307885115346887,0.2623365179324293,-0.0684519936022594,stopped_no_deficit_reducing_safe_action_found,stopped_max_iterations_reached,1.05,1.05,0.0,0.0,0.0,0.0,5.736212630811082,5.778367764541299,0.04215513373021729,13.682752172163436,13.7893528293291,0.10660065716566436,0.0,0.0,0.0,0.0,0.0,0.0
fed_combined_load_1p5_line_165_MG1,0.7935144729986326,0.7935144729986326,0.0,59.0,59.0,0.0,0.914819566874772,0.9214427906395972,0.00662322376482527,17.0,26.0,9.0,0.2519009899562529,0.2748232501274097,0.02292226017115684,stopped_no_deficit_reducing_safe_action_found,stopped_max_iterations_reached,1.05,1.05,0.0,0.0,0.0,0.0,5.877073654100448,5.848724691114413,-0.028348962986035176,13.556478270453978,13.72007424127562,0.16359597082164257,0.0,0.0,0.0,0.0,0.0,0.0
fed_combined_load_1p5_line_166_MG2,0.7967963216130244,0.7967963216130244,0.0,54.0,54.0,0.0,0.9249441486856798,0.923536465346924,-0.0014076833387557386,15.0,28.0,13.0,0.189878687257193,0.3333357925173594,0.1434571052601664,stopped_no_deficit_reducing_safe_action_found,stopped_max_iterations_reached,1.05,1.0500000000000005,4.440892098500626e-16,0.0,0.0,0.0,5.777405750305597,5.782438061994001,0.005032311688403901,13.597693268864042,13.745848873355438,0.14815560449139653,0.0,0.0,0.0,0.0,0.0,0.0
fed_combined_load_1p5_line_167_MG2,0.7961602587341121,0.7961602587341121,0.0,57.0,57.0,0.0,0.9261562022587184,0.9213645805595524,-0.0047916216991660265,17.0,25.0,8.0,0.1638659230880506,0.2815175598525657,0.11765163676451512,stopped_no_deficit_reducing_safe_action_found,stopped_max_iterations_reached,1.05,1.05,0.0,0.0,0.0,0.0,5.773423720490926,5.778147282191625,0.004723561700699541,13.56909063893853,13.741580057473108,0.17248941853457822,0.0,0.0,0.0,0.0,0.0,0.0
fed_combined_load_1p5_line_168_MG1,0.7942109478647689,0.7942109478647689,0.0,60.0,60.0,0.0,0.9308148325848188,0.926248264055426,-0.004566568529392745,23.0,26.0,3.0,0.2053737484053719,0.2975766479196798,0.0922028995143079,stopped_max_iterations_reached,stopped_max_iterations_reached,1.05,1.0500000000000005,4.440892098500626e-16,0.0,0.0,0.0,5.864436304026068,5.858488772164304,-0.005947531861763444,13.68424324101993,13.708609251902674,0.02436601088274415,0.0,0.0,0.0,0.0,0.0,0.0
fed_combined_load_1p5_line_170_MG1,0.8026214100556468,0.8026214100556468,0.0,50.0,50.0,0.0,0.9331257885913044,0.9169725827308526,-0.01615320586045177,13.0,28.0,15.0,,0.3373798400129709,,stopped_no_deficit_reducing_safe_action_found,stopped_max_iterations_reached,1.05,1.0500000000000005,4.440892098500626e-16,0.0,0.0,0.0,5.628666313244848,5.648341065148561,0.019674751903712817,13.309633472421147,13.449846820641008,0.1402133482198611,0.0,0.0,0.0,0.0,0.0,0.0
fed_combined_load_1p5_line_172_MG3,0.7593600044934549,0.7593600044934549,0.0,55.0,55.0,0.0,0.906931986898518,0.8855798354005912,-0.021352151497926797,27.0,36.0,9.0,0.4017098877075361,0.5692373940850755,0.16752750637753938,stopped_no_deficit_reducing_safe_action_found,stopped_max_iterations_reached,1.05,1.05,0.0,0.0,0.0,0.0,5.7911084250005285,5.856714723969228,0.0656062989686994,13.944901518908711,13.9844222258761,0.039520706967389074,0.0,0.0,0.0,0.0,0.0,0.0
fed_combined_load_1p5_line_35_MG1,0.7933301072238151,0.7933301072238151,0.0,56.0,56.0,0.0,0.9269554675434468,0.925545441565401,-0.001410025978045848,10.0,21.0,11.0,0.1036910652736338,0.2283181289851331,0.1246270637114993,stopped_max_iterations_reached,stopped_max_iterations_reached,1.05,1.0500000000000005,4.440892098500626e-16,0.0,0.0,0.0,5.858603419297666,5.8406683524352285,-0.017935066862437843,13.569195691929812,13.696170869878744,0.12697517794893187,0.0,0.0,0.0,0.0,0.0,0.0
fed_combined_load_1p5_line_36_MG1,0.7940657087622114,0.7940657087622114,0.0,58.0,58.0,0.0,0.919438339999103,0.9249615373617556,0.00552319736265261,28.0,20.0,-8.0,0.4304342346010039,0.2531310704334082,-0.17730316416759567,stopped_no_deficit_reducing_safe_action_found,stopped_max_iterations_reached,1.05,1.05,0.0,0.0,0.0,0.0,5.8666087566179606,5.8640390630659525,-0.00256969355200809,13.635636058697417,13.718683455255396,0.08304739655797988,0.0,0.0,0.0,0.0,0.0,0.0
fed_combined_load_1p5_line_37_MG1,0.7988505820530878,0.7988505820530878,0.0,59.0,59.0,0.0,0.9188629911500088,0.9310763618836208,0.01221337073361195,18.0,7.0,-11.0,0.2226783237758848,0.0502620342294336,-0.17241628954645122,stopped_max_iterations_reached,stopped_max_iterations_reached,1.05,1.0500000000000005,4.440892098500626e-16,0.0,0.0,0.0,6.140069211226068,6.119775833320549,-0.020293377905518994,13.878951085281887,13.921236660784825,0.042285575502937434,0.0,0.0,0.0,0.0,0.0,0.0
fed_combined_load_1p5_line_39_MG1,0.7943137417853294,0.7943137417853294,0.0,56.0,56.0,0.0,0.9272930461709118,0.9258790405184252,-0.0014140056524866162,16.0,21.0,5.0,0.1655731388679435,0.2321715154212296,0.0665983765532861,stopped_max_iterations_reached,stopped_max_iterations_reached,1.05,1.0500000000000005,4.440892098500626e-16,0.0,0.0,0.0,5.8026641760639865,5.849594075271842,0.046929899207855286,13.58572946905582,13.699262531617954,0.11353306256213358,0.0,0.0,0.0,0.0,0.0,0.0
fed_combined_load_1p5_line_40_MG1,0.7927382723144725,0.7927382723144725,0.0,58.0,58.0,0.0,0.9296974374248506,0.9256196456808776,-0.004077791743972936,17.0,17.0,0.0,0.1444300470851709,0.2145538545548881,0.07012380746971719,stopped_max_iterations_reached,stopped_max_iterations_reached,1.05,1.0500000000000005,4.440892098500626e-16,0.0,0.0,0.0,5.85943305161017,5.857041926211224,-0.0023911253989457038,13.532452002521254,13.709765367170393,0.17731336464913916,0.0,0.0,0.0,0.0,0.0,0.0
fed_combined_load_1p5_line_41_MG1,0.7918815722881061,0.7918815722881061,0.0,57.0,57.0,0.0,0.905968673353893,0.9216872010308372,0.01571852767694426,34.0,23.0,-11.0,0.4795419215777593,0.3002048445119303,-0.17933707706582902,stopped_no_deficit_reducing_safe_action_found,stopped_max_iterations_reached,1.05,1.0500000000000005,4.440892098500626e-16,0.0,0.0,0.0,5.941080723687009,5.8716321344277125,-0.06944858925929687,13.709471515266364,13.7027521203173,-0.006719394949064039,0.0,0.0,0.0,0.0,0.0,0.0
fed_combined_load_1p5_line_84_MG2,0.7956796380041825,0.7956796380041825,0.0,57.0,57.0,0.0,0.9174576894372892,0.9207291341380336,0.0032714447007443637,24.0,23.0,-1.0,0.324596794409163,0.2837809280717971,-0.04081586633736589,stopped_no_deficit_reducing_safe_action_found,stopped_max_iterations_reached,1.05,1.05,0.0,0.0,0.0,0.0,5.774903671250741,5.795924365455142,0.02102069420440067,13.632458489753466,13.732691365557011,0.10023287580354534,0.0,0.0,0.0,0.0,0.0,0.0
fed_combined_load_1p5_line_85_MG2,0.7953213662431615,0.7953213662431615,0.0,57.0,57.0,0.0,0.9216821191694496,0.9206995798753692,-0.0009825392940804312,19.0,24.0,5.0,0.2149891909877327,0.2794706136824501,0.06448142269471738,stopped_no_deficit_reducing_safe_action_found,stopped_no_rag_smart_gate_action_found,1.05,1.05,0.0,0.0,0.0,0.0,5.74493492687644,5.795291935993814,0.05035700911737351,13.619422056172445,13.760115235667628,0.14069317949518378,0.0,0.0,0.0,0.0,0.0,0.0
fed_combined_load_1p5_line_86_MG2,0.7962552603219976,0.7962552603219976,0.0,55.0,55.0,0.0,0.9055354140852834,0.921394443513162,0.015859029427878646,22.0,24.0,2.0,0.368071988527638,0.2793938435192065,-0.08867814500843152,stopped_no_deficit_reducing_safe_action_found,stopped_max_iterations_reached,1.05,1.0500000000000005,4.440892098500626e-16,0.0,0.0,0.0,5.811888566248409,5.774689489444987,-0.037199076803421605,13.72949748590001,13.738771108946754,0.009273623046743396,0.0,0.0,0.0,0.0,0.0,0.0
fed_combined_load_1p5_line_91_MG2,0.7916141600102723,0.7916141600102723,0.0,60.0,60.0,0.0,0.9266286364639288,0.9317083614147356,0.005079724950806774,21.0,12.0,-9.0,0.2496494210698884,0.0974860521283359,-0.15216336894155252,stopped_max_iterations_reached,stopped_max_iterations_reached,1.05,1.0500000000000005,4.440892098500626e-16,0.0,0.0,0.0,5.970047529444829,6.016460504803454,0.04641297535862421,13.362929549324988,13.560129438977183,0.19719988965219493,0.0,0.0,0.0,0.0,0.0,0.0
fed_combined_load_1p5_line_92_MG2,0.7916141600102723,0.7916141600102723,0.0,60.0,60.0,0.0,0.9266286364639288,0.9317083614147356,0.005079724950806774,21.0,12.0,-9.0,0.2496494210698884,0.0974860521283359,-0.15216336894155252,stopped_max_iterations_reached,stopped_max_iterations_reached,1.05,1.0500000000000005,4.440892098500626e-16,0.0,0.0,0.0,5.970047529444829,6.016460504803454,0.04641297535862421,13.362929549324988,13.560129438977183,0.19719988965219493,0.0,0.0,0.0,0.0,0.0,0.0
fed_combined_load_1p5_line_96_MG2,0.7692528343173459,0.7692528343173459,0.0,58.0,58.0,0.0,0.9241978597886628,0.9366500477855768,0.012452187996914055,17.0,6.0,-11.0,0.2329761305338581,0.0477491097062475,-0.1852270208276106,stopped_no_deficit_reducing_safe_action_found,stopped_max_iterations_reached,1.05,1.0500000000000005,4.440892098500626e-16,0.0,0.0,0.0,5.939098509408584,5.936842517612159,-0.0022559917964253273,15.39938116775176,15.342361882541978,-0.0570192852097815,0.0,0.0,0.0,0.0,0.0,0.0
fed_combined_load_1p5_line_97_MG2,0.7723930104988274,0.7723930104988274,0.0,60.0,60.0,0.0,0.9141851393249256,0.9372871773499694,0.023102038025043736,17.0,8.0,-9.0,0.2056634626800429,0.0567069892247671,-0.1489564734552758,stopped_max_iterations_reached,stopped_max_iterations_reached,1.05,1.05,0.0,0.0,0.0,0.0,5.877224388097484,5.8694621834471725,-0.007762204650311411,15.20493086441785,15.19835349264578,-0.006577371772070961,0.0,0.0,0.0,0.0,0.0,0.0
fed_combined_load_1p5_line_99_MG1,0.7901531145502109,0.7901531145502109,0.0,64.0,64.0,0.0,0.9265420500287084,0.888055605177509,-0.03848644485119934,23.0,33.0,10.0,0.2421422052071163,0.5702765708170783,0.328134365609962,stopped_max_iterations_reached,stopped_max_iterations_reached,1.0499999999999998,1.05,2.220446049250313e-16,0.0,0.0,0.0,6.445556307102793,6.595973308520191,0.15041700141739778,14.190665873134956,14.465683702678108,0.27501782954315246,0.0,0.0,0.0,0.0,0.0,0.0
fed_der_drop_all_sgens,0.9429999999999996,0.9429999999999996,0.0,3.0,3.0,0.0,0.9493446836884732,0.9519999999999996,0.002655316311526379,1.0,0.0,-1.0,0.0006553163115267,0.0,-0.0006553163115267,stopped_no_deficit_reducing_safe_action_found,success_all_voltages_above_vmin,1.05,1.05,0.0,0.0,0.0,0.0,4.475087324056156,4.475087324056163,6.217248937900877e-15,3.589200069959043,3.589220443248501,2.0373289458142096e-05,0.0,0.0,0.0,0.0,0.0,0.0
fed_der_drop_mg1,0.943,0.943,0.0,3.0,3.0,0.0,0.9519338403827808,0.952,6.615961721911923e-05,0.0,0.0,0.0,0.0,0.0,0.0,success_all_voltages_above_vmin,success_all_voltages_above_vmin,1.05,1.05,0.0,0.0,0.0,0.0,4.475087324056149,4.47508732405616,1.0658141036401503e-14,3.589583885958729,3.5895987576809,1.4871722171072577e-05,0.0,0.0,0.0,0.0,0.0,0.0
fed_der_drop_mg2,0.943,0.943,0.0,3.0,3.0,0.0,0.9520000000000002,0.9519999999999998,-3.3306690738754696e-16,0.0,0.0,0.0,0.0,0.0,0.0,success_all_voltages_above_vmin,success_all_voltages_above_vmin,1.05,1.0500000000000005,4.440892098500626e-16,0.0,0.0,0.0,4.475087324056155,4.47508732405616,5.329070518200751e-15,3.573775768933513,3.573770261835713,-5.507097800006022e-06,0.0,0.0,0.0,0.0,0.0,0.0
fed_der_drop_mg3,0.943,0.943,0.0,3.0,3.0,0.0,0.9520000000000002,0.952,-2.220446049250313e-16,0.0,0.0,0.0,0.0,0.0,0.0,success_all_voltages_above_vmin,success_all_voltages_above_vmin,1.05,1.0500000000000005,4.440892098500626e-16,0.0,0.0,0.0,4.475087324056152,4.475087324056166,1.4210854715202004e-14,3.5738495255197003,3.573835382923933,-1.4142595767374644e-05,0.0,0.0,0.0,0.0,0.0,0.0
fed_der_drop_mg4,0.943,0.943,0.0,3.0,3.0,0.0,0.952,0.952,0.0,0.0,0.0,0.0,0.0,0.0,0.0,success_all_voltages_above_vmin,success_all_voltages_above_vmin,1.05,1.05,0.0,0.0,0.0,0.0,4.475087324056161,4.475087324056161,0.0,3.573705330683257,3.57368731272768,-1.8017955577320777e-05,0.0,0.0,0.0,0.0,0.0,0.0
fed_load_scale_0p7,0.9519999999999996,0.9519999999999996,0.0,0.0,0.0,0.0,0.9519999999999996,0.9519999999999996,0.0,0.0,0.0,0.0,0.0,0.0,0.0,success_all_voltages_above_vmin,success_all_voltages_above_vmin,1.05,1.05,0.0,0.0,0.0,0.0,4.475087324056151,4.475087324056151,0.0,5.342188042985304,5.342188042985304,0.0,0.0,0.0,0.0,0.0,0.0,0.0
fed_load_scale_0p85,0.9443844370085852,0.9443844370085852,0.0,1.0,1.0,0.0,0.9502379190903202,0.9502375410467276,-3.7804359254156594e-07,0.0,0.0,0.0,0.0,0.0,0.0,success_all_voltages_above_vmin,success_all_voltages_above_vmin,1.05,1.05,0.0,0.0,0.0,0.0,4.475087324056146,4.475087324056147,8.881784197001252e-16,3.192114337744563,3.191836123073436,-0.00027821467112731924,0.0,0.0,0.0,0.0,0.0,0.0
fed_load_scale_1p0,0.9430000000000002,0.9430000000000002,0.0,3.0,3.0,0.0,0.952,0.952,0.0,0.0,0.0,0.0,0.0,0.0,0.0,success_all_voltages_above_vmin,success_all_voltages_above_vmin,1.05,1.05,0.0,0.0,0.0,0.0,4.475087324056163,4.475087324056151,-1.1546319456101628e-14,3.5738980695196774,3.573890587188435,-7.4823312421479216e-06,0.0,0.0,0.0,0.0,0.0,0.0
fed_load_scale_1p15,0.9417899976746202,0.9417899976746202,0.0,3.0,3.0,0.0,0.9513437843398236,0.9501845932720284,-0.0011591910677951622,0.0,0.0,0.0,0.0,0.0,0.0,success_all_voltages_above_vmin,success_all_voltages_above_vmin,1.05,1.05,0.0,0.0,0.0,0.0,4.475087324056156,4.475087324056159,2.6645352591003757e-15,4.340789805422485,4.340791877512601,2.072090115490255e-06,0.0,0.0,0.0,0.0,0.0,0.0
fed_load_scale_1p25,0.9271276634242396,0.9271276634242396,0.0,9.0,9.0,0.0,0.9463018101535842,0.9501014506691148,0.0037996405155306112,3.0,0.0,-3.0,0.0091903865585765,0.0,-0.0091903865585765,stopped_no_deficit_reducing_safe_action_found,success_all_voltages_above_vmin,1.05,1.0500000000000005,4.440892098500626e-16,0.0,0.0,0.0,4.475087324056157,4.475087324056157,0.0,6.649056308614303,6.663393641324192,0.014337332709889239,0.0,0.0,0.0,0.0,0.0,0.0
fed_load_scale_1p35,0.8985813698484044,0.8985813698484044,0.0,15.0,15.0,0.0,0.941000710301433,0.9500058738368208,0.009005163535387828,3.0,0.0,-3.0,0.0191355499269798,0.0,-0.0191355499269798,stopped_no_deficit_reducing_safe_action_found,success_all_voltages_above_vmin,1.05,1.05,0.0,0.0,0.0,0.0,4.475087324056163,4.475087324056163,0.0,9.187459209135312,9.187712582956618,0.0002533738213053027,0.0,0.0,0.0,0.0,0.0,0.0
fed_load_scale_1p45,0.8442685626992203,0.8442685626992203,0.0,38.0,38.0,0.0,0.9292184629767752,0.9504319894725258,0.02121352649575059,17.0,0.0,-17.0,0.1602467275068427,0.0,-0.1602467275068427,stopped_no_deficit_reducing_safe_action_found,success_all_voltages_above_vmin,1.05,1.0500000000000005,4.440892098500626e-16,0.0,0.0,0.0,5.281467459892904,5.276541286972472,-0.004926172920431959,11.892405977367428,11.953445520630158,0.06103954326272998,0.0,0.0,0.0,0.0,0.0,0.0
fed_load_scale_1p5,0.7978929973526577,0.7978929973526577,0.0,54.0,54.0,0.0,0.9146002134171471,0.9235682970288572,0.008968083611710087,20.0,27.0,7.0,0.2827724133643787,0.3430880942460361,0.060315680881657396,stopped_max_iterations_reached,stopped_max_iterations_reached,1.05,1.0500000000000005,4.440892098500626e-16,0.0,0.0,0.0,5.770991713697391,5.777399810288504,0.006408096591112411,13.379261141495707,13.615214542672554,0.2359534011768467,0.0,0.0,0.0,0.0,0.0,0.0
fed_n1_tieline_101_MG1_to_MG3,0.943,0.943,0.0,3.0,3.0,0.0,0.952,0.9520000000000002,2.220446049250313e-16,0.0,0.0,0.0,0.0,0.0,0.0,success_all_voltages_above_vmin,success_all_voltages_above_vmin,1.05,1.05,0.0,0.0,0.0,0.0,4.475087324056155,4.475087324056159,4.440892098500626e-15,3.573515242072747,3.573473620172502,-4.162190024503687e-05,0.0,0.0,0.0,0.0,0.0,0.0
fed_n1_tieline_127_MG3_to_MG4,0.943,0.943,0.0,3.0,3.0,0.0,0.9520000000000002,0.9519999999999998,-3.3306690738754696e-16,0.0,0.0,0.0,0.0,0.0,0.0,success_all_voltages_above_vmin,success_all_voltages_above_vmin,1.05,1.0500000000000005,4.440892098500626e-16,0.0,0.0,0.0,4.475087324056161,4.475087324056159,-1.7763568394002505e-15,3.573905790140949,3.5738901154405784,-1.56747003705604e-05,0.0,0.0,0.0,0.0,0.0,0.0
fed_n1_tieline_128_MG3_to_MG4,0.9429999999999998,0.9429999999999998,0.0,3.0,3.0,0.0,0.952,0.9519999999999998,-1.1102230246251565e-16,0.0,0.0,0.0,0.0,0.0,0.0,success_all_voltages_above_vmin,success_all_voltages_above_vmin,1.05,1.05,0.0,0.0,0.0,0.0,4.47508732405616,4.475087324056161,8.881784197001252e-16,3.573810940396227,3.5738014918975387,-9.44849868833586e-06,0.0,0.0,0.0,0.0,0.0,0.0
fed_n1_tieline_129_MG3_to_MG4,0.943,0.943,0.0,3.0,3.0,0.0,0.9520000000000002,0.952,-2.220446049250313e-16,0.0,0.0,0.0,0.0,0.0,0.0,success_all_voltages_above_vmin,success_all_voltages_above_vmin,1.05,1.05,0.0,0.0,0.0,0.0,4.475087324056156,4.475087324056156,0.0,3.5738999686718738,3.5738795473926666,-2.04212792072056e-05,0.0,0.0,0.0,0.0,0.0,0.0
fed_n1_tieline_135_MG3_to_MG4,0.9429999999999998,0.9429999999999998,0.0,3.0,3.0,0.0,0.952,0.952,0.0,0.0,0.0,0.0,0.0,0.0,0.0,success_all_voltages_above_vmin,success_all_voltages_above_vmin,1.05,1.05,0.0,0.0,0.0,0.0,4.475087324056157,4.47508732405616,2.6645352591003757e-15,3.573892612319044,3.5739089891184808,1.637679943655712e-05,0.0,0.0,0.0,0.0,0.0,0.0
fed_n1_tieline_136_MG3_to_MG4,0.9430000000000004,0.9430000000000004,0.0,3.0,3.0,0.0,0.9520000000000002,0.9519999999999998,-3.3306690738754696e-16,0.0,0.0,0.0,0.0,0.0,0.0,success_all_voltages_above_vmin,success_all_voltages_above_vmin,1.05,1.05,0.0,0.0,0.0,0.0,4.475087324056161,4.475087324056159,-1.7763568394002505e-15,3.573927211711664,3.5739131608110477,-1.405090061634695e-05,0.0,0.0,0.0,0.0,0.0,0.0
fed_n1_tieline_138_MG3_to_MG4,0.943,0.943,0.0,3.0,3.0,0.0,0.9495971942944784,0.9519999999999998,0.002402805705521427,1.0,0.0,-1.0,0.0004028057055214,0.0,-0.0004028057055214,stopped_no_deficit_reducing_safe_action_found,success_all_voltages_above_vmin,1.05,1.05,0.0,0.0,0.0,0.0,4.475087324056164,4.475087324056159,-5.329070518200751e-15,3.573927185692141,3.573916595141518,-1.0590550623135186e-05,0.0,0.0,0.0,0.0,0.0,0.0
fed_n1_tieline_139_MG3_to_MG4,0.943,0.943,0.0,3.0,3.0,0.0,0.952,0.9519999999999996,-3.3306690738754696e-16,0.0,0.0,0.0,0.0,0.0,0.0,success_all_voltages_above_vmin,success_all_voltages_above_vmin,1.05,1.0500000000000005,4.440892098500626e-16,0.0,0.0,0.0,4.475087324056156,4.47508732405615,-6.217248937900877e-15,3.5739153255622047,3.573908240191908,-7.085370296699978e-06,0.0,0.0,0.0,0.0,0.0,0.0
fed_n1_tieline_140_MG3_to_MG4,0.943,0.943,0.0,3.0,3.0,0.0,0.952,0.952,0.0,0.0,0.0,0.0,0.0,0.0,0.0,success_all_voltages_above_vmin,success_all_voltages_above_vmin,1.05,1.0500000000000005,4.440892098500626e-16,0.0,0.0,0.0,4.475087324056163,4.475087324056155,-7.993605777301127e-15,3.5738913042335474,3.573902585806114,1.1281572566801401e-05,0.0,0.0,0.0,0.0,0.0,0.0
fed_n1_tieline_165_MG1_to_MG4,0.9430000000000002,0.9430000000000002,0.0,3.0,3.0,0.0,0.9520000000000002,0.9519999999999998,-3.3306690738754696e-16,0.0,0.0,0.0,0.0,0.0,0.0,success_all_voltages_above_vmin,success_all_voltages_above_vmin,1.05,1.05,0.0,0.0,0.0,0.0,4.47508732405616,4.475087324056156,-3.552713678800501e-15,3.57135017689033,3.571323922683706,-2.6254206624276577e-05,0.0,0.0,0.0,0.0,0.0,0.0
fed_n1_tieline_166_MG2_to_MG4,0.9429999999999998,0.9429999999999998,0.0,3.0,3.0,0.0,0.952,0.9519999999999996,-3.3306690738754696e-16,0.0,0.0,0.0,0.0,0.0,0.0,success_all_voltages_above_vmin,success_all_voltages_above_vmin,1.0500000000000005,1.0500000000000005,0.0,1.0,0.0,-1.0,4.475087324056149,4.475087324056163,1.3322676295501878e-14,3.575238001809421,3.575236508658519,-1.4931509020321698e-06,0.0,0.0,0.0,0.0,0.0,0.0
fed_n1_tieline_167_MG2_to_MG4,0.9430000000000004,0.9430000000000004,0.0,3.0,3.0,0.0,0.9520000000000002,0.952,-2.220446049250313e-16,0.0,0.0,0.0,0.0,0.0,0.0,success_all_voltages_above_vmin,success_all_voltages_above_vmin,1.05,1.05,0.0,0.0,0.0,0.0,4.475087324056158,4.475087324056157,-8.881784197001252e-16,3.5731630175434543,3.573155858545865,-7.158997589407079e-06,0.0,0.0,0.0,0.0,0.0,0.0
fed_n1_tieline_168_MG1_to_MG4,0.943,0.943,0.0,3.0,3.0,0.0,0.9514658419439974,0.951465841943996,-1.4432899320127035e-15,0.0,0.0,0.0,0.0,0.0,0.0,success_all_voltages_above_vmin,success_all_voltages_above_vmin,1.05,1.05,0.0,0.0,0.0,0.0,4.475087324056155,4.47508732405616,5.329070518200751e-15,3.5754786083875105,3.575470548358944,-8.06002856634791e-06,0.0,0.0,0.0,0.0,0.0,0.0
fed_n1_tieline_170_MG1_to_MG4,0.9429999999999996,0.9429999999999996,0.0,3.0,3.0,0.0,0.9520000000000002,0.9519999999999998,-3.3306690738754696e-16,0.0,0.0,0.0,,0.0,,success_all_voltages_above_vmin,success_all_voltages_above_vmin,1.05,1.05,0.0,0.0,0.0,0.0,4.475087324056152,4.475087324056158,6.217248937900877e-15,3.4725471243640587,3.472527645678546,-1.947868551255283e-05,0.0,0.0,0.0,0.0,0.0,0.0
fed_n1_tieline_171_MG3_to_MG4,0.8859451857444657,0.8859451857444657,0.0,3.0,3.0,0.0,0.9520000000000002,0.9519999999999996,-5.551115123125783e-16,0.0,0.0,0.0,0.0,0.0,0.0,success_all_voltages_above_vmin,success_all_voltages_above_vmin,1.05,1.05,0.0,0.0,0.0,0.0,4.475087324056152,4.475087324056157,5.329070518200751e-15,3.573269397667822,3.573266523539172,-2.8741286501876573e-06,0.0,0.0,0.0,0.0,0.0,0.0
fed_n1_tieline_172_MG3_to_MG4,0.943,0.943,0.0,2.0,2.0,0.0,0.9520000000000002,0.9519999999999998,-3.3306690738754696e-16,0.0,0.0,0.0,0.0,0.0,0.0,success_all_voltages_above_vmin,success_all_voltages_above_vmin,1.05,1.0500000000000005,4.440892098500626e-16,0.0,0.0,0.0,4.475087324056153,4.475087324056155,1.7763568394002505e-15,3.573828756468165,3.5738105303960523,-1.8226072112437208e-05,0.0,0.0,0.0,0.0,0.0,0.0
fed_n1_tieline_35_MG1_to_MG2,0.9429999999999996,0.9429999999999996,0.0,3.0,3.0,0.0,0.952,0.952,0.0,0.0,0.0,0.0,0.0,0.0,0.0,success_all_voltages_above_vmin,success_all_voltages_above_vmin,1.05,1.05,0.0,0.0,0.0,0.0,4.475087324056156,4.475087324056162,5.329070518200751e-15,3.564304307914436,3.5642706318115045,-3.367610293159018e-05,0.0,0.0,0.0,0.0,0.0,0.0
fed_n1_tieline_36_MG1_to_MG2,0.94216641532164,0.94216641532164,0.0,4.0,4.0,0.0,0.952,0.9508659182329912,-0.0011340817670087988,0.0,0.0,0.0,0.0,0.0,0.0,success_all_voltages_above_vmin,success_all_voltages_above_vmin,1.05,1.05,0.0,0.0,0.0,0.0,4.475087324056153,4.47508732405616,7.105427357601002e-15,3.572027026720796,3.572018167724068,-8.858996728200452e-06,0.0,0.0,0.0,0.0,0.0,0.0
fed_n1_tieline_37_MG1_to_MG2,0.9430000000000002,0.9430000000000002,0.0,3.0,3.0,0.0,0.9520000000000002,0.9519999999999998,-3.3306690738754696e-16,0.0,0.0,0.0,0.0,0.0,0.0,success_all_voltages_above_vmin,success_all_voltages_above_vmin,1.0499999999999998,1.05,2.220446049250313e-16,0.0,0.0,0.0,4.475087324056158,4.475087324056148,-9.769962616701378e-15,3.6019145362093634,3.601896070760057,-1.8465449306503956e-05,0.0,0.0,0.0,0.0,0.0,0.0
fed_n1_tieline_39_MG1_to_MG2,0.9429999999999998,0.9429999999999998,0.0,3.0,3.0,0.0,0.9520000000000002,0.952,-2.220446049250313e-16,0.0,0.0,0.0,0.0,0.0,0.0,success_all_voltages_above_vmin,success_all_voltages_above_vmin,1.05,1.05,0.0,0.0,0.0,0.0,4.475087324056153,4.475087324056156,3.552713678800501e-15,3.5752427666746174,3.575218777838899,-2.398883571830268e-05,0.0,0.0,0.0,0.0,0.0,0.0
fed_n1_tieline_40_MG1_to_MG2,0.943,0.943,0.0,3.0,3.0,0.0,0.952,0.952,0.0,0.0,0.0,0.0,0.0,0.0,0.0,success_all_voltages_above_vmin,success_all_voltages_above_vmin,1.05,1.0500000000000005,4.440892098500626e-16,0.0,0.0,0.0,4.475087324056156,4.475087324056156,0.0,3.559847513174842,3.5598332184351182,-1.4294739723919037e-05,0.0,0.0,0.0,0.0,0.0,0.0
fed_n1_tieline_41_MG1_to_MG2,0.9430000000000002,0.9430000000000002,0.0,3.0,3.0,0.0,0.952,0.9519999999999998,-1.1102230246251565e-16,0.0,0.0,0.0,0.0,0.0,0.0,success_all_voltages_above_vmin,success_all_voltages_above_vmin,1.05,1.05,0.0,0.0,0.0,0.0,4.475087324056169,4.475087324056151,-1.7763568394002505e-14,3.576142491508397,3.576155362751577,1.287124318016808e-05,0.0,0.0,0.0,0.0,0.0,0.0
fed_n1_tieline_49_MG1_to_MG2,0.943,0.943,0.0,4.0,4.0,0.0,0.9468366640518716,0.9519999999999996,0.005163335948128012,2.0,0.0,-2.0,0.0041094704141602,0.0,-0.0041094704141602,stopped_no_deficit_reducing_safe_action_found,success_all_voltages_above_vmin,1.05,1.05,0.0,0.0,0.0,0.0,4.475087324056161,4.475087324056153,-7.993605777301127e-15,3.680641450931817,3.680317822310135,-0.00032362862168167084,0.0,0.0,0.0,0.0,0.0,0.0
fed_n1_tieline_84_MG2_to_MG3,0.943,0.943,0.0,3.0,3.0,0.0,0.9520000000000002,0.9519999999999998,-3.3306690738754696e-16,0.0,0.0,0.0,0.0,0.0,0.0,success_all_voltages_above_vmin,success_all_voltages_above_vmin,1.05,1.0500000000000005,4.440892098500626e-16,0.0,0.0,0.0,4.475087324056162,4.475087324056158,-3.552713678800501e-15,3.5741226995696493,3.574083843280392,-3.885628925726081e-05,0.0,0.0,0.0,0.0,0.0,0.0
fed_n1_tieline_85_MG2_to_MG3,0.9429999999999998,0.9429999999999998,0.0,3.0,3.0,0.0,0.9489739313377622,0.9519999999999996,0.0030260686622374244,1.0,0.0,-1.0,0.0010260686622377,0.0,-0.0010260686622377,stopped_no_deficit_reducing_safe_action_found,success_all_voltages_above_vmin,1.05,1.05,0.0,0.0,0.0,0.0,4.47508732405615,4.47508732405615,0.0,3.574130722605421,3.5740944985208523,-3.622408456882553e-05,0.0,0.0,0.0,0.0,0.0,0.0
fed_n1_tieline_86_MG2_to_MG3,0.9429999999999998,0.9429999999999998,0.0,3.0,3.0,0.0,0.952,0.9519999999999998,-1.1102230246251565e-16,0.0,0.0,0.0,0.0,0.0,0.0,success_all_voltages_above_vmin,success_all_voltages_above_vmin,1.05,1.05,0.0,0.0,0.0,0.0,4.475087324056155,4.475087324056151,-3.552713678800501e-15,3.57389170631093,3.573883591826118,-8.114484812082878e-06,0.0,0.0,0.0,0.0,0.0,0.0
fed_n1_tieline_89_MG2_to_MG3,0.943,0.943,0.0,4.0,4.0,0.0,0.9452385174195276,0.9512567414195796,0.00601822400005203,3.0,0.0,-3.0,0.0092427657765575,0.0,-0.0092427657765575,stopped_no_deficit_reducing_safe_action_found,success_all_voltages_above_vmin,1.05,1.0500000000000005,4.440892098500626e-16,0.0,0.0,0.0,4.475087324056157,4.475087324056162,4.440892098500626e-15,3.5308029035238087,3.530286771773157,-0.0005161317506514607,0.0,0.0,0.0,0.0,0.0,0.0
fed_n1_tieline_91_MG2_to_MG3,0.943,0.943,0.0,3.0,3.0,0.0,0.952,0.9519999999999996,-3.3306690738754696e-16,0.0,0.0,0.0,0.0,0.0,0.0,success_all_voltages_above_vmin,success_all_voltages_above_vmin,1.05,1.05,0.0,0.0,0.0,0.0,4.475087324056162,4.475087324056153,-8.881784197001252e-15,3.577037023121353,3.57703311595663,-3.90716472287167e-06,0.0,0.0,0.0,0.0,0.0,0.0
fed_n1_tieline_92_MG2_to_MG3,0.943,0.943,0.0,3.0,3.0,0.0,0.952,0.9519999999999996,-3.3306690738754696e-16,0.0,0.0,0.0,0.0,0.0,0.0,success_all_voltages_above_vmin,success_all_voltages_above_vmin,1.05,1.05,0.0,0.0,0.0,0.0,4.475087324056162,4.475087324056153,-8.881784197001252e-15,3.577037023121353,3.57703311595663,-3.90716472287167e-06,0.0,0.0,0.0,0.0,0.0,0.0
fed_n1_tieline_96_MG2_to_MG3,0.943,0.943,0.0,3.0,3.0,0.0,0.952,0.9519999999999998,-1.1102230246251565e-16,0.0,0.0,0.0,0.0,0.0,0.0,success_all_voltages_above_vmin,success_all_voltages_above_vmin,1.05,1.05,0.0,0.0,0.0,0.0,4.475087324056156,4.475087324056155,-1.7763568394002505e-15,3.574640748174863,3.5746353584456445,-5.389729218485684e-06,0.0,0.0,0.0,0.0,0.0,0.0
fed_n1_tieline_97_MG2_to_MG3,0.9429999999999998,0.9429999999999998,0.0,3.0,3.0,0.0,0.9514194681378756,0.952,0.0005805318621243671,0.0,0.0,0.0,0.0,0.0,0.0,success_all_voltages_above_vmin,success_all_voltages_above_vmin,1.05,1.0500000000000005,4.440892098500626e-16,0.0,0.0,0.0,4.475087324056153,4.475087324056166,1.3322676295501878e-14,3.574345211725584,3.574325124025428,-2.008770015571315e-05,0.0,0.0,0.0,0.0,0.0,0.0
fed_n1_tieline_99_MG1_to_MG3,0.9429999999999998,0.9429999999999998,0.0,3.0,3.0,0.0,0.952,0.9519999999999998,-1.1102230246251565e-16,0.0,0.0,0.0,0.0,0.0,0.0,success_all_voltages_above_vmin,success_all_voltages_above_vmin,1.05,1.05,0.0,0.0,0.0,0.0,4.475087324056156,4.475087324056158,1.7763568394002505e-15,3.5742970496987096,3.5743248566579573,2.780695924764487e-05,0.0,0.0,0.0,0.0,0.0,0.0
